sen,genre
시 우 이 사랑이 떠나지 않게 해주세요 ,0
사랑을 느끼는 신비한 기억 번지 점 프를 하다,0
아내는 거 제 아내 입니다 짓말쟁이 너무 오늘도 그녀는 아프지 않은척 숨트지 않은척 입니 선물 아무일 없는척 합니다 나는 그랜 그녀의 거짓말에 속아 넘어갑니다,0
순정영화 와니 와 준하 자금이 순간이 기억처럼 떠올라 지금 당장 시간이 밤의 시작하면 애틋한 사랑이야기,0
파이란  세상은 날 삼류라 하고 이 여자는 날 사랑이라 한다,0
죽여야한다 그래도 사랑은 시작된다 내츄럴시티 영혼과기억을사로잡으며,0
그녀와의 무서운 데이트가 시작된다 전지현 차태현 절라유쾌 사랑이야기 엽기적인 그녀    ,0
월의 봄날은 사랑이 간다 이만큼 다가왔다고 느끼는 순간 ,0
열일곱 소녀와 서른두살 남자가 그곳에서 만나다 버스 정류장,0
생활의  발견  본연과 그녀들의 본이 함께하는 부일트루  로맨스 ,0
내 짝입니다 일 전엔 친구 이정재 장진영의 무지개빛 사랑주의보 오버 더 레인보우 ,0
품행제로 청어람 모범시대 불량영웅,0
바로 이게 사 랑 이 었어어 차태현의 슬픈 사랑이야기 연애 소 설,0
남자 남자를 사랑하다 로드무비 년 가을 오후 시 분 초 불편한 사랑이 시작됐다,0
사랑을 보여줄까 마들렌 처음 알았다 남자가 순수하다는거 처음 알았다 여자도 솔직하다는거,0
사랑하는 물을 상을 도 그리웠고 소설도로 두렵지 않다  제 사랑 골프존스 한영혼을사로잡은지독한,0
인생은 타이밍이다 내일의 특사하루를 못참고 담을 넘었다 운수대통 최고의 웃음을 몰고오는 최강 특사군단 코믹액션 광복절특사,0
국화꽃향기 그녀가 남기고 가야 세상 마지막 순간보다 슬픈건 나로 인해 눈물지을 당신입니다 슬픔에 익숙한 장진영 기다림이 행복한,0
우연히 우연히우연히 그러나 반드시 클래식 엽기적인 그녀곽재용 감독의 또다른 사랑 이야기 버스 우연은 운명이 됩니다,0
서른살 다시 첫사랑에 빠지다 나를 설레게 하는 통증 사랑니,0
보내는 곰을 메모를 좋아하세요 사랑의 곰탱이에게 봄날의 연애담 추리 로맨틱 내사랑 ,0
통하였느냐 스캔률 조선남녀상열지사,0
초절성 매력덩어리들의 화끈한 연애질 싱글즈  살짝만 건드려도 오늘 넘어간다,0
년 우리들의 학원액쑌로망 말죽거리 전호사 불타는,0
신고할 테면 해봐 얼짱간첩 학원가 침투기 모르면 간첩,0
해피 에로 속마음 해피 감춰진 크리스마스를 온국민의 에로 꿈꾸는 마스 만 사람들  해피에로타운 크리  허락된다 크리스마스엔 뭐든지,0
남들이 춤 출때 우리는 예술합니다 바람회에 전국을 춤바람으로 돌린 남자,0
이 남자공구 하실래요 코미디보다재미있는 멜로 오피씨가가구가에 무슨일이생기면 틀린업이 나타난다 홍반장,0
년 월 지원아 손님 받아라 일당 삼만원 일만버티면 고딩노비  자유예염 싸가지 쥔님의 삼세판 전쟁,0
내 남자에게서 다른 여자의 흔적을 느꼈다 내닌자의 연애 년만에 찾아온 스캔들 로맨스 월 노출의 계절 내남자를 지키자,0
 애정빙자 사기극 그녀를 믿지 마세요 안녕하세요 뻥치시네 김하늘이라고해요,0
 모르겠니 널 사랑하는건 나야 그 녀석들의 트루 로맨스 늑대의유 월 온맘으로 널 사랑할께,0
자자아 빨리 결혼만 하면 할줄 알았다  밤마다 아슬아슬 한이불 두생각 어린신부,0
당신이 우리 마음에 기적소리가 웃던 늪 겨울을 녹인 그 남자의 꽃피는 희망 교향악 봄이로면,0
하늘한텐 비밀이야 순수한 마음을 고백합니다 지원의 무공해스캔들 신부수업,0
그녀가 모든 기억을 잃어가고 있습니다 이름도 나이도 사랑했던 나 조차도 내머리속의     지우개 년 월 지울 수 없는 사랑이 옵니다,0
소년은 오래오래 한 여자만 사랑했습니다          사랑하기 위해 소년 어른이 된 천국에가다 년 월 소년의 사랑이 기적을 부릅니다   검열함에 소년 천국에 가다 처브로,0
아저씨 제 남자친구를 꼭 보여드리고 싶어요 세상에서 가장 키다리 큰 사랑의 이름  아저씨,0
내 생애 다시 이런날이 올까 싶습니다 제기 혼원경대 가슴 떨리는 맞선여행  나의결혼원정기  ,0
  남자 색다른 피가 있다 사랑할 수 밖에 없는 뭔가      남자친구,0
마술같은 연예술사 유혹 알만큼알고 할만큼 해봤어도 이 남자 기술이 다르다,0
어머니는 말하셨지  월엔 건져라  전국민의 연애 지침서 작업의 정석 년 크리스마스 대개봉,0
고마워요 사랑해줘서     이남자의 진심이 당신을 울립니다 너는 내운명 ,0
당신에겐 있었나요 내생애 가장아름다운 일주일,0
 여자들이 연애할때 알고싶은 남자에대한 모든것 올겨울 제대로 알고하자 광심이동생 광태,0
이별이 내립니다 마음이 젖어옵니다 새드무비 이천오년 가을이 슬퍼진다,0
야수의거짓말 미녀에게 딱걸렸다 소심야수와 발랄미녀의 안절부절 코믹멜로 야수와미녀 ,0
두려움 빈 없는 사랑 나는 이 사랑에 목숨을 걸었다,0
왜 몰랐을까 그게 사랑이었다는 것을 왜 지나쳤을까 그 사람인 줄 알면서도 이 사람이다 싶을 때 잡지 않으면 사랑은 중지라 년 월 인연이 연인이 됩니다 ,0
년차 질긴 우정 올 봄엔 은근슬쩍 뒤집어 볼까 눈물나게 청춘 재미있는 만화,0
나는 마지막이란 말은 모릅니다 노듭 당신과는 항상 시작이자 영원이기 때문입니다  영원한 사랑의 약속 리치 년 월 일 개봉,0
파라 첫사랑이 시작되는 주의보 첫사랑은 첫눈이 우리에게만 내리는 기적같은일,0
당신 오늘 나한테 걸린거에요 내 남자 모르게 하나쯤 신 갖고싶은 늦가을 숨겨둔 애인을 공개합니다,0
너무 멀리는 가지마 내가 널 찾을수 있게 꼬리를 자르고 달아나는 그녀는 도마뱀 아름답고 비밀스러운,0
        시작은 거짓이었다 하드보일 드 멜 로 무 뢰 한,0
  로맨틱 아일랜드 떠날 땐 싱글 돌아올 땐 커플 크리스마스에 만나는 가장 로맨틱한 상상,0
당신이 있어 슬픈 꿈 꿈으로 이어진 슬픈 사랑,0
그거 할까 말까  러브스캔들  발칙한 그녀들의 어깨너머의연인,0
스무살 위험한 남자에게 빠져들다 차가운 그들의 뜨거운 거짓말 사랑따윈,0
원나잇스탠드만큼짜릿한반전 그들의 뻔뻔한에로틱스캔들 모를 때가 속 편한 내 여자의 남자친구,0
연애는 왕초보  캐발랄 로맨틱 무림 액션 코미디 균여 며 대상 무술은 킹왕짱 그녀를 만나라,0
상상초월 러브 어드벤처 초능력 커플의 시람잡는 데이트기시작된다 조감각  커플,0
순정만화 올 겨울도 혼자 보낼건가요 월엔 용기를 내자 사랑을 시작하자,0
연애 기술이 없다면 기억을 버려라 연애하고픈 그녀의 모르는 척 앙큼한쇼 달콤한 거짓말 그녀의 특별한 가 시작된다,0
 왕싸가지 황태자와 엽기비굴여고생의 상상초월 엄토당도 황실로맨스      ,0
나는 그해여름 참나쁜 사람입니다 순간 당신을 자꾸 눈물짓게 합니다 행복했던 내 가장  당신은 참좋은 사람입니다 나를 항상 웃게 합니다,0
붓끝으로 전하는 조선 최초의 에로티시즘 센세이션조선멜로,0
그녀를 두고 너무 멀리와버렸습니다 오직 당신만 없는 그곳 국경의남쪽 년 월 차승원의 뜨거운눈물,0
믿을 수 있니 우리가 서로를 찾아냈다는 거 주문진 마법같은 사랑이 시작되는 당신의 첫사랑이 이루어집니다,0
복무할 꺼야 나한테 현판번도 더 빌어야할껄 언제나 내가도움이 필요할때가면 너 제프 사랑 네 아쵸타 너무 날버리다니 미친거 아냐 나한테 미아랄데미마다 위 가 아즈다고 해지 배신한 그러 기업용 애인을  되찾기 나  영원히  위한 넬 용서한다 는거 제프 피의 연애매뉴얼 ,0
말로다할수없는 사랑이 있습니다 슬픔보다 더슬픈 이야기,0
하얀 어둠 속을 걷다  그날 이후 년의 기다림과 슬픈 살인이 시작됐다,0
사랑의 편견을 벗어라 에로스 그이상의 사랑이야기 월 당신의 모든 감각이 열린다,0
보면 볼수록 수상한 그녀 우리집에 왜왔니 월초 그녀가우리집에 옵니다,0
이사람 사랑하면 안돼요 파란의 러브스토리 안개 속의 사랑을 만난다,0
 봤지 저사람들이 증인이야 하룻밤만에 한 남자를 쓰러뜨린 무서운 여자 치료기 구세주 의사도 못 고친다는 자뻑 왕자병,0
소년    바다가 속삭이는 두번째사랑 이야기 월 당신의 첫사랑이 신비한 기억으로 되살아납니다,0
끝이라고 생각했던 순간 그가 나를 숨쉬게 했다 파국의 사랑 비,0
넌 내가 꿈꾸는 사랑이야 그들의 빛나는 순간 백만장자의 첫사랑,0
그녀의 특별한 요리가 수상한 남녀의 달콤 예측불허 연애담 시작된다,0
심장뭉클 해피신파 사랑하니까 괜찮아 이건 십년짜리 키스 이건십년짜리 포옹 하루를 십년처럼 사랑해줄께,0
키스가 아니라요 충전인데요 싸이 보그 지만,0
신나게 사랑하고 싶었어 세상이 뭐라고 하든 오래된정원,0
 그대의 어디를 움켜쥐어 잠시 멈추어 있게 할 수 있을까,0
역사가 기록하지 못한 사랑이 시작된다 불 용 처럼 조선왕조 마지막 멜로 나비차정 명성황후와 호위무사의 가슴 시린 사랑을 만난다,0
만나도 눈치 못채게 만나란말이야 이미친놈아 연애 대책없이 독특한 연애담 그 참 을수없는 가벼움,0
박쥐,0
사랑이 둘만 좋다고 되는거야 속 마음은 감추고 사랑 할때 이야기 하는것들,0
마지막 목표 그의 심장을 빼앗는 것 글로벌 로맨틱 프로젝트,0
내생애 최악의남자 바로 요놈 대충 결혼한 다음날 완벽한 이상형을 만났다,0
안되는 거참 많은 맘먹으면 다 되는 철벽녀  기차 옆자리에 우연히 앉은 두 사람 썸만 길거니 정부투입 썸보다 조금 더 필요한 건 그날의 분위기,0
들키면 바람다기 좋은날 어때,0
사랑 그 잔인한 보 변치 않겠다는 새빨간 거짓말,0
오뎅꼬치는 총보다 강하다 살벌하고 피튀기는 연애배틀 최강로맨스,0
일본땅조선아이들의 시작된다 등교가 용감한 조선학교 아이들의 희망다큐 우리학교 혹가이도,0
첫눈 오는날 함께 있으면 행복해진대 다시 천 만나겠다는 약속 눈 그들의 첫눈같은 로맨스가 시작된다,0
사랑하다 군대 가면 궁금해지는 모든 것 제대할 때까지 기다리다 미쳐,0
우연한 하룻밤 엇갈려서 빠져든다 지표 사랑하는 사람과 있습 두커플네 남녀의 크로스 스캔들,0
사랑은 그렇게 찾아오는 거야 귀신에 홀리듯 별빛속으로 죽음까지 따라가는 사랑,0
완전소심남 변화무쌍 그녀어게 딱 걸리다 헐크 이래 가장 무서운 변신 두얼굴의여친 변화무쌍한 코믹로맨스,0
그들의 낭만 그녀의 비밀 위험한 추적이 시작된다 사랑을 위해 시대와 맞선 모던보이,0
사랑스런 로맨스탄생,0
살고싶으면 입 다물라 구 년 궁중미스터리,0
널 놓치지 않겠어  괴물투수 찾아,0
귀를 기울이면 사람은 들려옵니다 내 귓가에 맴도는 사랑의 속삭임,0
꼭꼭 숨어라 머리카락 보일라 여배우의 수상한 사생활 죽어도 해피엔딩,0
골라 먹는 재미에 푹 빠졌다 한예슬식 남자고르기 프로젝트 용의주도 통신,0
처음이야 이런 아찔한 투개의 사랑이 만나는 비밀스런 공간 ,0
쿨하지못한 남자의 웃기는 연애담 러브픽 션 무조건 잘못했어 한번만 봐줘 제발 가지마 나 차지마 대개봉,0
그이름을 부르면 심장이 터질 것처럼 좋습니다 찾았나요 당신의 반쪽 사랑 크리스마스 세상가득 오래오래 착한 심장으로 사랑하겠습니다,0
같이 있으면 맥박이 빨라져요 이러다 나 고백해 버릴 것 같아 마음이 원하는 대로 바라는 대로 달려라 자전거,0
우린 헤어졌다 멋진하루,0
기억해도될까요 그날자 찾고싶은비밀 쪽 채 월 사랑이되돌아 오는 시간,0
처음보다 설레고 그때보다 행복해 때를 알고 내리는 좋은 비 호우시절 로맨스,0
오늘만이야 참을수없는 두렵지 않아 사랑 그 위험한 유혹이 온다,0
프렌즈 쭉한 입담 연애에 관한 결 월엔 선물보다 남자,0
이 남자 뭔가단단히 씌었다 아무도 못 말리는 콩깍지 연애 증후군 내눈에,0
죽음 앞에서 사랑한 기억을 떠올릴 것인가 사랑 받은 기억을 떠올릴 것인가,0
키울수록 짜릿해진다 너는 뗏 애인그 이상의 만족,0
야 할수록 즐거워져요 섹시판타지 꿈꾸는 페스티발 애인이 당신의 밤의 제작 축제가 시작된다,0
모르는 작전 여자가 남자들의 연애 은밀한 시라노 연애조작단,0
국민 한 남자를 가진 단순히 용서해줄게 즐기는 거면,0
조금만 더 가까이 고장난 사랑에 관한 다섯가지 증상 너 때문에 나 연애불구야,0
검은 머리 파뿌리 될 때까지 숨기고 싶은 결혼도 있다 두번의결혼식과 한번의장례식,0
지구 역사상 가장 발칙한 커플탄생 므흣한 상상이 현실이된다 발칙 연애담 쩨쩨한 로맨스 후끈한 작업이 시작된다,0
증거문상상 엇갈린 기억 숨겨온 비밀 가질 수 없는 사랑의,0
사물의 비밀 널 갖고싶어 온다면 당신에게 스무살 어린 남자가,0
연애가 원래 이렇게 오싹한 건가요 소름돋게 오싹한 연이,0
시크릿가든  ,0
티끌모아 로맨스 님도 보고 돈도 버는 생계밀착형 로맨스가 온다,0
하필 이 여자에게 내 목숨이 달렸다 일 간의 목숨 건 동행 카운트다운,0
보아 데릭 허프 꿈꾸둥 사랑하고 사랑하듯 춤춰라 메이크 무대가  뜨거운 펼쳐진다 ,0
우리는 서로를 형제라 부르고 세상은 우리를 괴물이라 부릅니다 무슨 사우우,0
새들의 정당 찌질한 남자들의 넘버 사수 활극,0
짧은만큼 찐하게 내숭없이 네버엔딩 스토리 못사는커플의 죽고,0
장동건 장쯔이 장백지 거부할수록 깊게 파고든다 관능 멜로 위험한 관계,0
서로를 시인과 탐하다 제자 열일곱소녀 나의 영원한 교 처녀,0
우리 모두는 누군가의 첫사랑이었다 건축학 개론 우리들의 이야기가 시작된 시간,0
지독한 궁 광기의 정사 제왕의 첩,0
월 발칙한 코믹 오늘아내에게 로맨스가 온다 카사노바를선물했다 내이내의 모든것,0
마흔은 아련한 첫사랑같은 달콤 쌉싸름한 설레는 로맨스가 그리운 나이 라고 신사 의 품격,0
난폭한 르펜스,0
반창꼬 단한편의진짜사링이야기 ,0
사랑이 두렵지 않은 청춘스캔들 열여덟 열아홉,0
프로파일러 전설의 대도 완벽한 로맨스 완전범죄 캐치,0
음치박멸 음치 박치 몸쳐 그녀가 나타났다 음치클리닉 음치박치몸치들의 귀막힌 코미디,0
결혼이 먼저 연애는 다음 내가 진짜 처음이냐 그거 한지 몇년 됐어 알면 알수록 발칙해지는 웨딩 스캔들,0
남자가 안고싶은 여자 남자를 안고 싶은 여자 전망 너무 좋은 그림이 좋아도 집 좋은,0
이날 우린 헤어졌다 연애가 원래 이런 건가요 현실연애의 모든 것 연애의 온도,0
내 아내의 흑역사 탐방 프로젝트 밤 세상에서 가장 살림잘하는 제아내입니다 월일의심의 시작은 미약했으나 집착의 끝은 창대하리라,0
당신과 나사이 스치고 스며든 미로 같은 시간들 내가 고백을하면,0
이제 낚을 건 남자밖에 없다 파도와 삼겹살 어촌 로맨스 버라이어티 돼지같은 여자,0
멜로,0
로맨틱,0
판타지,0
러브스토리,0
코메디,0
로코,0
미스터리,0
정통,0
코미디,0
최루성,0
로드무비,0
로맨틱코미디,0
멘스,0
스릴러,0
디도,0
블랙코미디,0
환타지,0
로맨스코미디,0
로멘틱,0
정석,0
옴니버스,0
첩보물,0
오컬트,0
멜로영화,0
빙자,0
어물,0
스포츠영화,0
범죄영화,0
범죄물,0
휴먼,0
사람과,0
운명,0
간절하다,0
우정,0
진실되다,0
이별,0
끈끈,0
첫사랑,0
진실하다,0
애뜻,0
순수하다,0
갈망,0
그리움,0
어리석다,0
애환,0
인연,0
제리,0
다정하다,0
외도,0
젊음,0
간직,0
프랭크,0
참되다,0
모성애,0
유부녀,0
이성,0
삶다,0
설레임,0
고단,0
지혜,0
괜찮다,0
괸,0
그렇지만,0
훈훈,0
바램,0
건전하다,0
미흡하다,0
법도,0
안좋다,0
고연,0
투자가,0
서두,0
룸메이트,0
휼륭하다,0
훌륭하다,0
참신,0
대체로,0
이참,0
작곡,0
백년의유산,0
맛보기,0
적합하다,0
시원찮다,0
잘맞다,0
티저,0
해피앤딩,0
친숙하다,0
오광록,0
정겹다,0
짱짱하다,0
기쁨,0
보듬다,0
휴식,0
어루만지다,0
조국,0
깨달음,0
신념,0
주님,0
시련,0
의무,0
품다,0
사명,0
꿈,0
누리다,0
행복,0
해답,0
가르침,0
돌보다,0
권리,0
품,0
희망이,0
젊음,0
역경,0
소망,0
좌절,0
불행,0
간극,0
참되다,0
건축,0
외로움,0
싫어하다,0
조아하다,0
태국,0
마니아,0
열광하다,0
팬,0
타입,0
매니아,0
농구,0
그룹,0
리즈중,0
원래,0
스탈,0
로맨틱영화,0
영화광,0
광팬,0
평소,0
까다롭다,0
한텐,0
마흔,0
퍼펙트,0
조음,0
였음,0
진짜루,0
셜록홈즈,0
특이,0
계열,0
청자,0
으로써는,0
질색,0
두근두근,0
두근거리다,0
아리다,0
흐뭇하다,0
아련하다,0
뭉클,0
포근하다,0
푸근하다,0
한구석,0
흥얼거리다,0
모처럼,0
젖다,0
수영,0
뭉클하다,0
애틋하다,0
연애시대,0
주제곡,0
찡하다,0
시리다,0
따뜻하다,0
아려,0
시리,0
눈시울,0
애잔하다,0
두고두고,0
자꾸만,0
오래간만,0
순정,0
평온하다,0
벅차오르다,0
믿어지다,0
역시,0
잉여,0
라고는,0
의심,0
견,0
오지,0
솔까말,0
보실,0
안목,0
낭패,0
놀란,0
동의,0
거르,0
적지,0
허지웅,0
최동훈,0
다행하다,0
영영,0
년작,0
브레이브하트,0
차마,0
어마어마하다,0
개탄,0
이라고는,0
수긍,0
답지,0
만치,0
매기,0
중하,0
애잔하다,0
시리다,0
쓸쓸하다,0
황홀하다,0
애절하다,0
선율,0
사랑스럽다,0
평온하다,0
성장기,0
탱고,0
애틋하다,0
싱그럽다,0
낭만,0
스며들다,0
풍경,0
아리다,0
수채화,0
바이올린,0
감미롭다,0
기묘하다,0
눈망울,0
흥겹다,0
시리,0
노년,0
멜로디,0
아련하다,0
진솔하다,0
순수하다,0
오드리,0
눈시울,0
고맙다,0
감사,0
기쁘다,0
부디,0
수고,0
땡큐,0
소방관,0
건강하다,0
다시금,0
새삼,0
추기경,0
행복하다,0
위로,0
가르침,0
오래오래,0
깨우치다,0
분발,0
은혜,0
힘내다,0
뵙다,0
기회,0
잘해주다,0
부탁드리다,0
되돌아보다,0
아낌없다,0
페어리테일,0
귀하다,0
앤드류,0
깨달음,0
노고,0
따스하다,0
포근하다,0
뭉클하다,0
한구석,0
찡하다,0
훈훈하다,0
소박하다,0
흐뭇하다,0
두근거리다,0
힐링,0
모처럼,0
잔잔하다,0
푸근하다,0
시리,0
아리다,0
인간미,0
저리다,0
편안하다,0
연말,0
설레임,0
애틋하다,0
애잔하다,0
뭉클,0
벅차다,0
스며들다,0
입가,0
은은하다,0
눈시울,0
맑다,0
평온하다,0
진짜,0
증말,0
막심,0
레알,0
정말,0
ㅈㄴ,0
ㅜㅜㅜㅜ,0
무스,0
왜봄,0
죤나,0
ㅠㅠㅠㅠㅠㅠ,0
진짜진짜,0
어우,0
베댓,0
진자,0
존잼,0
핵잼,0
ㄹㅇ,0
ㅋㅋㅋㅋㅋㅋㅋㅋㅋㅋㅋㅋㅋㅋㅋㅋㅋㅋ,0
죽겠네,0
걸왜,0
잠듬,0
님들,0
아까버,0
에여,0
ㅜㅡ,0
으아,0
ㅋㅎ,0
답니,0
까운,0
참되다,0
기쁨,0
권리,0
중요성,0
믿음,0
주님,0
실천,0
누리다,0
보듬다,0
신념,0
불행,0
프랭크,0
깨달음,0
깨우치다,0
조국,0
그리스도인,0
돌보다,0
해답,0
곁,0
축복,0
간절하다,0
진실되다,0
시련,0
품,0
고마움,0
상대방,0
되돌아보다,0
진실하다,0
주어지다,0
깨달,0
헛,0
자아내다,0
간간히,0
실소,0
헛웃음,0
피식,0
비웃음,0
미소,0
억지,0
개그,0
저절로,0
입가,0
썰렁하다,0
이나고,0
터지다,0
즐거움,0
눈물샘,0
허탈하다,0
유머,0
깨알,0
욕설,0
울화통,0
짜내다,0
흐믓,0
눈물,0
곳곳,0
주룩주룩,0
간간이,0
어이없이,0
포인트,0
귀가,0
신나다,0
편안하다,0
연말,0
흥겹다,0
호강,0
훈훈하다,0
숙면,0
흐뭇하다,0
겨울,0
니당다,0
행복하다,0
상쾌하다,0
유쾌하다,0
유익하다,0
딱좋다,0
나들이,0
따뜻하다,0
꿀잠,0
입가,0
즐기다,0
날씨,0
엉뚱하다,0
휴일,0
황홀하다,0
흠뻑,0
봣습니,0
여유롭다,0
잘해주다,0
무덥다,0
품,0
고마움,0
보듬다,0
되찾다,0
주님,0
참되다,0
좌절,0
그리움,0
수치심,0
줄기,0
어루만지다,0
간절하다,0
갈구다,0
직면,0
불행,0
곁,0
남겨지다,0
주어지다,0
사명,0
깨우치다,0
누리다,0
역경,0
떠나가다,0
찰나,0
외로움,0
다다르다,0
치유,0
희노애락,0
휴식,0
값지다,0
사랑스럽다,0
귀요미,0
가필드,0
요괴,0
이뿌다,0
예쁘다,0
깜찍하다,0
다람쥐,0
이쁘다,0
제레미,0
졸귀,0
펭귄,0
꺅,0
패딩턴,0
허드슨,0
이시영,0
티격태격,0
잘생기다,0
꼬마,0
상큼,0
아가,0
롭,0
니코,0
이완,0
아주아주,0
아기자기,0
니당다,0
잘맞다,0
발랄하다,0
엘리,0
이쁘다,0
이뿌다,0
섹시하다,0
유역비,0
잘생기다,0
청순하다,0
탕웨이,0
곽지민,0
사랑스럽다,0
멋있다,0
메리,0
문채원,0
맘에듬,0
엠마,0
김민정,0
귀엽다,0
제레미,0
장쯔이,0
임수정,0
미가,0
패닝,0
판빙빙,0
닮다,0
신민아,0
로버츠,0
조안,0
이완,0
금성무,0
조인성,0
엘리,0
한가득,0
연말,0
입가,0
포근하다,0
흥겹다,0
따스하다,0
따뜻하다,0
개운하다,0
모처럼,0
느긋하다,0
엉뚱하다,0
봣습니,0
편하다,0
흐뭇하다,0
푸근하다,0
날씨,0
벅차다,0
수수하다,0
잘해주다,0
니당다,0
경치,0
비우다,0
즐겁다,0
흐믓,0
실컷,0
은은하다,0
귀가,0
설레임,0
텅빈,0
휴식,0
사내,0
반려견,0
당돌하다,0
꾸리,0
하룻밤,0
고달프다,0
빈센트,0
끈끈,0
기태,0
프롯,0
지혜,0
협동,0
외도,0
꿋꿋하다,0
우도,0
영화에서처럼,0
품위,0
새엄마,0
싹트다,0
자폐증,0
이기전,0
음탕하다,0
전남편,0
그레텔,0
산자,0
파랑새,0
상대방,0
원죄,0
그남자,0
황혼,0
오락가락,0
졸림,0
무민,0
난리치다,0
주다해,0
조마조마하다,0
못난이,0
모임,0
늘어나다,0
친해지다,0
도리,0
처지,0
징징대다,0
선지,0
후딱,0
확확,0
별루임,0
진상,0
초콜릿,0
서두,0
뛰어다니다,0
진전,0
넋두리,0
빨르다,0
들키다,0
딴사람,0
치고받다,0
뻐기다,0
질리다,0
찜찜하다,0
너의 얼굴을 찾아줄께 얼굴없는 원혼의 저주 페이스 올 여름을 지배할 첫번째 공포,1
   절대 공포,1
여우야 여우야 내 소원을 들어줘 여고괴담 세번째 이야기,1
깊은밤홀로남은자 절대거울을보지마라 거울속으로   ,1
우리 집에 놀러오세요 가족괴담 장화 홍련,1
알포인트 귀신과의 전쟁  년 베트남 우린 적이 아닌 귀신과싸웠다,1
그만하고 자라 인간닭귀신 주택 분쟁 코미디 귀신 산다 나가나마이다,1
두려워서 차마부를수 없는 분신가바 절대공포,1
보여줘 진짜너의 모습을 내안의악마 쓰리 돈,1
무섭지 개념핑키호러 시실리  ,1
열차에 오른 순간 멈출 수 없는 공포가 시작된다 트레인 호러 무비 레드아이,1
나랑 친구할래 나를 부르는 죽은 친구의 속삭임 여고괴담  목소리 당신의 귀를 의심하라,1
나를 가져봐 욕망 싶은 아름다워지고   올 형벌  잘릴 머리,1
불을 끄지마 당신 옆에 있어 죽음이 시작되는 공간 아파트,1
   년 전 나의 연주가 오늘 내 가족을 죽인다 살인서곡 첼로 부제 홍미주일가살인사건,1
아 당신이 죽인 그녀의 이름 랑 내 얘기를 들어줘 여름 첫 공포,1
모두가 즐겨라 인조 추격대와 식인 멧돼지의 한판승부 괴수 어드벤처 스릴코믹 어드벤처의 절묘한 만남,1
선생님 오래오래 사셔야 해요 살인을 부르는 칼날같은 가르침 스스의 은혜,1
동생이 죽은 월 한국 원형의 공포가 되살아난다  첫 사극공포 전설의고향,1
풀지못하면 한명씩 죽는다 시험은 시작되었다 피의중간고사 오감을 자극하는 단 하나의 호러스리길,1
영원히 함께 하기로 했잖아 친구니까 여고괴로 동반자살 여고괴담 첫 공포로 찾아온다,1
자살하러 갔던 명의 타살기록 남의 손에 죽긴 싫어 요일 죽음을 부르는 요일,1
물품 등 것이 사라지고 시작되었다 신들린소녀를 향한 잔혹한 믿음 불신지옥 신들린 소녀가 찾아온다,1
그녀들의 목소리가 담장을 넘어 세상을 울립니다 하모니 단 하루의 만남을 위한 년 간의 노래,1
월 최후의 자신   친구라고 웃기지마   전송하면 넌 죽지않아 착신아리   ,1
사랑하는내딸 엄마가예쁘게 해줄게 친절한 신데 엄마 렐라,1
년마다 누군가는 죽어야했다 년마다 돌아오는 죽음의 날 월일 월 범인없는 살인이 시작된다 어느,1
어느날 갑자기 세번째 이야기 옆 옆자리의 친구가 너를죽이러 찾아온다 기숙학원의 막히는 디데이 두려움마저 숨죽이는 그날이 온다 ,1
유일한 공포 소설 원작 어느날 갑자기 네번째 이야기 까지치 사라진 친구들 숲속에뭔가가 숨쉬고 있다 죽음리숲 죽여도 죽지않는 자들이 사는곳 지금껏 보지못했던 공포영화가 온다,1
그들을 보고 있는 당신 이미 죽음과 계약했다 검은집 싸이코패스 공포스릴러,1
그녀를 본 자 반드시 죽는다 죽음을 부르는 초상화,1
년 경성 안생병원 사랑에 홀린 자 여기에 모이다 경성 공포극 담,1
살고싶으면 입 다물라 구 년 궁중미스터리,1
예뻐지고 싶어 그녀들이 예뻐지는 무서운 비밀 요가학원 가장 매혹적인 공포가 온다,1
갖지 못하면 만들어야지 아름답고 정교한 복수 닥터,1
미스터리 공포 화이트 저주의멜로디 너만없어지면 내가 메인이야 월 소녀들의 잔혹한 무대가 시작된다,1
살아있는 자 출입을 금한다 귀신들린 집 폐기 신경선 공포를 경험하라,1
연애가 원래 이렇게 오싹한 건가요 소름돋게 오싹한 연이,1
구해줘 고양이 죽음을보는두개의눈,1
살고싶어 그럼이야기해봐 공포괴담 무서운이야기,1
그녀의 웹툰대로 살인이 벌어진다 더웹툰 예고살인,1
붉은 가족,1
공포영화,1
스릴러,1
미스터리,1
공포물,1
호러,1
미스테리,1
장르,1
스릴러물,1
서스펜스,1
긴장감,1
코미디,1
조성,1
범죄물,1
어물,1
종교영화,1
스릴,1
고어,1
호러물,1
재난,1
스럽지도,1
고어영화,1
호러영화,1
재난영화,1
조이다,1
강시,1
어정쩡하다,1
오컬트,1
괴기,1
라기보단,1
섬뜩하다,1
획기,1
쇼크,1
쇼킹,1
경악,1
섬뜩하다,1
혁신,1
매혹,1
창의,1
파격,1
쓰나미,1
입체,1
오싹하다,1
치명,1
무진장,1
감동,1
압도,1
인상,1
끔찍하다,1
더씽,1
헐크,1
센세이션,1
인터스텔라,1
감명,1
직설,1
식스센스,1
구체,1
실질,1
하이라이트,1
애니메이션영화,1
상투,1
그릇되다,1
권태,1
부르짖다,1
평등,1
공통,1
허물,1
관조,1
인간관계,1
분자,1
내재,1
파시즘,1
화합,1
뮤지션,1
관용,1
단절,1
집요하다,1
영역,1
심경,1
딛다,1
소용돌이,1
관음증,1
중시,1
정신분열,1
관습,1
질서,1
빨치산,1
신앙심,1
분출,1
쾌락,1
쟁취,1
지겹다,1
질리,1
빼먹다,1
진전,1
매번,1
시계,1
늘어나다,1
소리내다,1
얼렁뚱땅,1
끊다,1
낯설다,1
길어지다,1
번하다,1
틀어놓다,1
땡기다,1
짤린,1
ㅇㅏ,1
보고또보고,1
집밥,1
뛰어나가다,1
할기다,1
차만,1
폭풍눈물,1
자꾸만,1
넘겨보다,1
영화개봉,1
당기다,1
난리치다,1
주룩주룩,1
주다해,1
슬픔,1
온몸,1
허탈,1
북받치다,1
치밀다,1
쌓이다,1
밀려오다,1
소음,1
안기다,1
그리움,1
외로움,1
암세포,1
무책임,1
수치심,1
뜨겁다,1
솟구치다,1
정신과,1
우울,1
미완성,1
몰려오다,1
좌절,1
파도처럼,1
미움,1
등골,1
그남자,1
빠져나가다,1
잠재우다,1
찰나,1
무수,1
고통,1
미스터리,1
분류,1
무식,1
빙자,1
부패,1
감금,1
대입,1
불명,1
다양성,1
공산주의,1
음모론,1
서스펜스,1
휴머니즘,1
혼합,1
공식,1
종교영화,1
바이블,1
범죄물,1
환타지,1
불법체류자,1
표본,1
암투,1
조장,1
패러다임,1
진화,1
극화,1
다작,1
실태,1
치부,1
영화장르,1
떨구다,1
댕기,1
이어폰,1
벌벌,1
호들갑,1
쏠때,1
방구,1
트리,1
가방,1
레이저,1
대갈,1
끄적,1
내장,1
설치,1
레이져,1
정색,1
직,1
기관총,1
답시고,1
꽥,1
발광하다,1
쏠,1
방정,1
지드,1
으악,1
고함,1
루나,1
리리,1
라이터,1
꽂다,1
외로움,1
갈구다,1
아픔,1
신념,1
보듬다,1
트라우마,1
구원,1
상처,1
기쁨,1
숭고하다,1
좌절,1
간절하다,1
돌보다,1
역경,1
외면,1
동정,1
소수자,1
죄책감,1
괴로움,1
두려움,1
갈망,1
믿음,1
시련,1
들여다보다,1
프랭크,1
강인하다,1
고난,1
갖은,1
주님,1
약자,1
무서움,1
놀래다,1
귀신,1
잔인하다,1
애나벨,1
깜짝깜짝,1
공포영화,1
잼남,1
끔찍하다,1
컨저링,1
사다코,1
징그럽다,1
인시디어스,1
스럽지도,1
갑툭튀,1
전설의고향,1
악령,1
공포,1
깜놀,1
섬뜩하다,1
웃음소리,1
엇을,1
웃기다,1
라니까,1
어우,1
잔인,1
으악,1
갠찮,1
깜작,1
벨소리,1
취업,1
후배,1
어쩌나,1
일로,1
교체,1
본업,1
회차,1
공인,1
분배,1
소속사,1
알아내다,1
일자리,1
생방,1
불평,1
해당,1
폐지,1
사과,1
준비,1
왕따,1
윤주,1
세바퀴,1
미필,1
인사,1
클라라,1
막말,1
김준호,1
영화제작,1
가급적,1
무릎팍,1
다짐,1
휠씬,1
백터,1
학교괴담,1
스타트렉,1
셀러,1
스카이폴,1
볼케이노,1
구니스,1
나아,1
리메이크판,1
가배,1
파이터,1
착신아리,1
창공,1
솔져,1
침공,1
단편소설,1
고지라,1
왕건,1
종로,1
킹덤,1
이무기,1
미녀삼총사,1
탑건,1
프로즌,1
더로드,1
나니아,1
이블데드,1
기수,1
퓨처라마,1
물결,1
전해지다,1
좌절,1
고통스럽다,1
아픔,1
기쁨,1
고통,1
뜨겁다,1
외로움,1
그리움,1
막막하다,1
간절하다,1
울림,1
대자연,1
분노,1
사무치다,1
벅차다,1
북받치다,1
애잔하다,1
덤덤하다,1
애틋하다,1
배움,1
공허하다,1
담담하다,1
울부짖다,1
절망,1
슬프다,1
영혼,1
품,1
주체,1
박탈,1
유린,1
말살,1
통치,1
굴복,1
탄압,1
자손,1
목회자,1
전복,1
인민군,1
타국,1
음탕하다,1
집행,1
침해,1
잠식,1
저항,1
기지,1
진술,1
회복하다,1
분자,1
전염,1
판결,1
개혁,1
헌법,1
공권력,1
황후,1
항복,1
정크푸드,1
씨앗,1
병력,1
깜놀,1
육성,1
어우,1
ㄹㅇ,1
폭소,1
쩔어요,1
작살,1
식겁하다,1
웃곀,1
쩌러,1
꺅꺅,1
ㅎㄷㄷ,1
갑툭튀,1
존잼,1
달아나다,1
ㄷㄷㄷ,1
기겁,1
개쩜,1
쉣,1
ㅋㅋㅋㅋㅋㅋㅋㅋㅋㅋ,1
이오,1
디지다,1
ㅋㅋㅋㅋㅋㅋㅋㅋㅋㅋㅋㅋㅋㅋ,1
스킵,1
난감,1
쩐다,1
하이라이트,1
멘붕,1
싸대기,1
따귀,1
구심,1
확신,1
수긍,1
고려,1
자질,1
우습다,1
공평하다,1
자괴,1
견,1
현혹,1
허황,1
우릴,1
입증,1
테스트,1
매장,1
붕괴,1
의문,1
알바로,1
농락,1
겸손하다,1
만회,1
신지,1
대다수,1
현역,1
휩쓸다,1
가늠,1
무관심하다,1
여론,1
믿어지다,1
여겨지다,1
괴기,1
무미건조하다,1
당황,1
소란,1
소음,1
고통,1
혐오,1
괴리감,1
불만족,1
추장,1
추잡,1
원망,1
하여금,1
무수,1
무거,1
내적,1
갈구다,1
삭막하다,1
불안감,1
어두움,1
범위,1
상실하다,1
소외,1
가혹하다,1
들추다,1
얕다,1
복합,1
세밀,1
우왕좌왕,1
서술,1
획기,1
쇼크,1
쇼킹,1
경악,1
섬뜩하다,1
혁신,1
매혹,1
창의,1
파격,1
쓰나미,1
입체,1
오싹하다,1
치명,1
무진장,1
감동,1
압도,1
인상,1
끔찍하다,1
더씽,1
헐크,1
센세이션,1
인터스텔라,1
감명,1
직설,1
식스센스,1
구체,1
실질,1
하이라이트,1
애니메이션영화,1
상투,1
취업,1
후배,1
어쩌나,1
일로,1
교체,1
본업,1
회차,1
공인,1
분배,1
소속사,1
알아내다,1
일자리,1
생방,1
불평,1
해당,1
폐지,1
사과,1
준비,1
왕따,1
윤주,1
세바퀴,1
미필,1
인사,1
클라라,1
막말,1
김준호,1
영화제작,1
가급적,1
무릎팍,1
다짐,1
늦추다,1
틈,1
끈,1
긴장감,1
몰입,1
몰아치다,1
조이다,1
쫄깃,1
집중,1
긴박,1
궁금증,1
박진,1
조마조마하다,1
한시,1
졸음,1
땔,1
숨막히다,1
스킵,1
따분함,1
긴박하다,1
조성,1
깜빡,1
고조,1
팽팽,1
숨죽,1
땔수,1
진진,1
숨,1
예측,1
초도,1
실마리,1
부패,1
악순환,1
굴레,1
고리,1
정해진,1
증오,1
파국,1
행각,1
권태,1
파멸,1
객관성,1
복제인간,1
닥쳐오다,1
직면,1
평등,1
정신분열,1
화해,1
무인도,1
예견,1
동기,1
쾌락,1
산자,1
발생,1
재판,1
나치,1
이동,1
순환,1
인간성,1
단절,1
신나게 뜨겁게터뜨려라  금지된 밤 그뜨거운 열기 속으로,2
나를 키운 건 멘탈붕괴 아부지와 빡센 군생활이었다 아부지 아들아 군대 잘 시면 다녀오겠습니다 퇴근 하잖아 만 전 나중에 뭐가 될지 아무도 모른다 미운오리 새끼,2
아무도 본 적 없는 세계가 열린다 신과 함께 죄와벌,2
전쟁 안해유 적 동침,2
빵점짜리 백수청년 오다룡이간다 일등사위로 거듭나다,2
통하였느냐 스캔률 조선남녀상열지사,2
세 남자가 가고 싶었던 서로 다른 신세계,2
아프지 않으면 사랑이 아니다 사랑이 감각을 마비시키는 운명적인 사랑이 시작된다,2
제빵왕 김탁구 높을,2
코알라카드 사파리 어드벤쳐 영웅의 탄생 사파리의 영웅이 되다 서커스의 외톨이 않아 진정한 영웅은 포기하지,2
락가수 트로트로 전국평정 뽕필 국민코미디 네박자 복면달호,2
사랑이 두렵지 않은 청춘스캔들 열여덟 열아홉,2
     를 고양이 부탁해 년 만에 리마스터링 잘 있었니 나도 네가 너무 보고 싶었어 ,2
내숭은 끝났다 조 승아 사랑도 연애도 그것도 뜨거운 것이,2
전국을 울렸던 마음이가 패밀리로 유쾌하게 돌아온다 마음이 패밀리로 돌아온 달이 ,2
니가 있어 참 좋다 목숨보다 소중한 우정을 만난다 ,2
우리는 서로를 형제라 부르고 세상은 우리를 괴물이라 부릅니다 무슨 사우우,2
당신에겐 있었나요 내생애 가장아름다운 일주일,2
불멸의,2
월의 봄날은 사랑이 간다 이만큼 다가왔다고 느끼는 순간 ,2
당신이 있어 슬픈 꿈 꿈으로 이어진 슬픈 사랑,2
그날우리는실기위해 헤어졌습니다  일간의 간절한 약속 천의 잔인한 엇갈림 크로싱 대한민국에만 있는 슬픈 진실이 공개 된다,2
내인생을 빛내줄 천재소년을 만났다  호로비츠를 내작은피아니스트 위하여,2
놈의 살인에는 이유가 있다 늑대개 연쇄살인 하울림,2
생리컵밥 파괴됨 사나이 월 초 가슴을 울리는 사투가 시작된다,2
의리와의심사이 이 놈을 믿어도 될까 형제 년 월 신분을 숨긴 두 남자의 위험한 동행이 시작된다,2
넌내게 남녀노소 세대불문 공감형 청춘멜로드라마 ,2
세상이 멈췄다 딱 한놈만 빼고 초능력자,2
 그대의 어디를 움켜쥐어 잠시 멈추어 있게 할 수 있을까,2
역도산 세상을삼킨다 영웅이 온다 송해삼 세상에서가장슬픈 ,2
가장 찬란한 순간 우리는 하나였다 써니,2
후회하지않아 나도이유를 모르겠어 그냥 니가 좋아,2
우린 반드시 살아서 돌아가야해 태극기 휘발리며 ,2
 우리는 사랑일까 출 불륜의사랑 ,2
놀라운경험도쿄,2
판타스틱 코믹호러 뮤지컬 영화 설거리극장 참을 수 없이 따분했던 소녀 뽕짝 유령극단과 사랑에 막강 빠지다,2
우발적 사고 잘못된 선 택 죽이려던 게 아니었어 년 전 그날 밤 모든 것이 시작되었다 살해당한 딸 지독한 복수의 시작 내가 끝내야 끝나는 거야 년의 되돌릴 수 없 는,2
스물 셋 혜화의 지난 겨울 이야기,2
꼬여버린내인생 다시 뽑고 싶다 미니 문방구,2
세상그 위로 날아오르다 시대를 넘어선 꿈 운명보다 강한 사랑  박경원 청년 최초의 여류비행사,2
년전 그 놈이 다시 나타났다 그 놈을 잡아라 동타주,2
세계가 먼저 놀랐다 한국영화사상 가장 파격적인 영화 세상에서 제일싼싼 엄마는창녀다,2
문을 잠그고 나서는 순 간 아내의 빈곳으로 그가 들어선다 열한번째 특별한 사랑,2
하얀거탑,2
바로 이게 사 랑 이 었어어 차태현의 슬픈 사랑이야기 연애 소 설,2
최화선 세상이 뭐라하든 나는 나 장승업이오,2
우리모두의 가족이야기 세상에서 가장아름다운 이별 더많은 시간 함께할걸 그랬습니다,2
삶도죽음도 함께한다 형제란 이름으로 하나된 그들 감동 액션 블록버스터 무적자   ,2
내인생가장뜨거운순간 월전세계인의 가슴을두드리는영화가옵니다,2
광해군 년 광 모두가꿈꿔온 또 한명의 왕이 있었다 왕이 해 된남자,2
조선의 자랑 조선의 희망 우리가 애타게 기다리던 그들이 온다 조선 최초 최강 베쓰 볼 티  야구단 조선 최고의 휴먼코미디,2
러브스토리 인현왕후의,2
행복한 내일을 위한 마지막판타지 적이었던 그들 이제는 한팀이다 더,2
선생이 되는 영어 그날 까지 울학교 이티 티처의 재구성 체육선생 천성근의 숨겨진 재능이 밝혀진다,2
사랑스런 로맨스탄생,2
첫 해피 무비 마이리틀 년 히어로,2
남자가 흘리지 말아야 할것은 눈물만이 아니다 콘텔 전연령 커버가능 오르가즘 무비,2
어른뺨치는  아홉살인생 아 나이에도 지키고 싶은 여자가 있다,2
세상에서 가장 나쁜남자를 만났다 나쁜남자  ,2
보고 싶었습니다 미웠습니다 그래도 사랑합니다 꼭 한번만나고싶은 마이파더 감동 실화,2
본격 사회 고발 애니메이션 당신이 믿는 것은 진짜입니까,2
년 우리들의 학원액쑌로망 말죽거리 전호사 불타는,2
우연히 우연히우연히 그러나 반드시 클래식 엽기적인 그녀곽재용 감독의 또다른 사랑 이야기 버스 우연은 운명이 됩니다,2
말로다할수없는 사랑이 있습니다 슬픔보다 더슬픈 이야기,2
   월 다시 기적을 노래하다 더테너 리리코 스핀토    ,2
몸부림 필사의 파닭파닥 향한 자유를 자연산 횟집 만고왕산 어 자연산고등어의 횟집 탈출이 시작된다,2
무인도라이프 도심 김씨표류기 사는게모험이지 ,2
무엇에 쓰는 물건인고 약한 남자 변강쇠 가루지기 인생역전 프로젝트 월은 어른의 달 크게 한판 놀아 봅시다 ,2
니가죽였니 여의도 월 그 섬의 비극이 밝혀진다,2
 인티 살 그들은 명의 멈출수 용의자 없었다,2
언제나 나를 최고라고 말해준 당신이 있어 행복합니다 철없는 락가수 속깊은 매니저 라디오 스타   모두에게 추억이 될기슴 뻐근한 이야기,2
꿈꾸는 청춘 치앙을건다 꿈꾸는 청춘 거두를 보면 이 발레교습소 ,2
이별이 내립니다 마음이 젖어옵니다 새드무비 이천오년 가을이 슬퍼진다,2
우리도할말많아요 척 하지 않는 그녀들의 솔직대담 트루스토리 여배우들,2
사랑은 그렇게 찾아오는 거야 귀신에 홀리듯 별빛속으로 죽음까지 따라가는 사랑,2
당신은 오늘 행복합니까 세상을 빛내준 희망배달부 철가방우수 행복을 배달합니다,2
어떻게 엮이든 감사합니다 이제는 싶다 되고 커플 즈 커플탄생의 법칙이 밝혀진다,2
만나도 눈치 못채게 만나란말이야 이미친놈아 연애 대책없이 독특한 연애담 그 참 을수없는 가벼움,2
수취인불명   아무도받지 않는 편지 아무도 받지 않는 사랑 ,2
거짓말처럼아름다운 청년 이수현의 감동실화 년 도쿄 일본인을 구하기 위해 한국청년이 몸을 던졌다 우리에게 사랑을 보여준 너를잊지 월 모두가당신을 기억합니다,2
또 너냐 다음엔 죽는다  지발 잡히지 마라 너는 내가 잡을거여 빠른놈위에 질긴놈 거북이 달린다 흙먼지 날리는 필살기 한방을 날린다,2
세상 유일한 내 편 이번에는 내가 너를 지켜줄게,2
이곳 이 사람들 도대체무엇인가 상상을 압도하는 서스펜스가온다,2
등 떠밀려 쌤이 된 쫌 놀아본 골퍼 두남자가 선사하는 누구도 못 말리는 유쾌한 기적 섬마을 최고 악동 웃음과감동 충전  백프로  ,2
왜 몰랐을까 그게 사랑이었다는 것을 왜 지나쳤을까 그 사람인 줄 알면서도 이 사람이다 싶을 때 잡지 않으면 사랑은 중지라 년 월 인연이 연인이 됩니다 ,2
심장뭉클 해피신파 사랑하니까 괜찮아 이건 십년짜리 키스 이건십년짜리 포옹 하루를 십년처럼 사랑해줄께,2
열혈남아 복수를 향한 일주일 그놈의 엄마를 먼저 만났다,2
일일시트콤 패밀리,2
나는 마지막이란 말은 모릅니다 노듭 당신과는 항상 시작이자 영원이기 때문입니다  영원한 사랑의 약속 리치 년 월 일 개봉,2
열여덟 오빠들은 내 삶의 전부였다 응답하라 ,2
행운을 잡아라 디지탈 에쵸티강타 입체다 평화의 시대,2
김대출 년 국보급 휴먼스토리 마이캡틴 우리에겐대장 남들에겐 도둑놈 따뜻한 봄날에 커밍쭌합니더,2
폼나게 살아야 될 거 아이가 정식 범죄와의전쟁 나쁜놈들 전성시대,2
있냐 동네가 다 뭐이런 의 가능성 별난 꿈을 꾸는 사람들의 번가의 기적 생애 가장 아름다운 일주일,2
년만에 내남자들이 나를 찾아왔다 여자는 남자의 미래다 첫사랑에 숨겨진 이야기,2
내생애가장 아름다운 고백 그대를 사랑합니다 울리고 웃긴,2
넝쿨째 굴러온 당신,2
누구의 딸도아닌 해원,2
남자,2
열일곱 소녀와 서른두살 남자가 그곳에서 만나다 버스 정류장,2
죽음의 바이러스 감기 사상 최악의 바이러스가 대한민국을 덮친다,2
며 년 베트남 당신을 찾아 그곳으로 갑니다 잊지 못할 순간이 당신을 찾아갑니다,2
그녀가 모든 기억을 잃어가고 있습니다 이름도 나이도 사랑했던 나 조차도 내머리속의     지우개 년 월 지울 수 없는 사랑이 옵니다,2
면 시골마을 두 형사에겐 모든 것이 처음이었다 살인의추억 연쇄살인,2
시티헌터,2
거역할수 없는 프로젝트 가슴에 남을 혁명 중간첩 두개의 조국 두개의 신분 단 하나의 임무,2
참 는 인생 어제까지 오늘 하루 질러버려 통쾌한 하루 쏜다 두 남자의,2
붓끝으로 전하는 조선 최초의 에로티시즘 센세이션조선멜로,2
감성액션 했다 말았어야 감독 건드리지,2
다섯 손가락,2
단 한번의 여자 스침 남자의 욕망으로사랑이 다치다 종려나무숲 월 그 사랑속으로 빠져든다,2
제 가족에게 아내와 엄마를 돌려주세요 저는 집으로 가고 싶습니다 집으로 가는 올 겨울 단 하나의 감동실화 길 외면한 실화가 공개된다,2
국민 한 남자를 가진 단순히 용서해줄게 즐기는 거면,2
티끌모아 로맨스 님도 보고 돈도 버는 생계밀착형 로맨스가 온다,2
처음이야 이런 아찔한 투개의 사랑이 만나는 비밀스런 공간 ,2
신나게 사랑하고 싶었어 세상이 뭐라고 하든 오래된정원,2
금기의 사랑이 역사를 뒤흔든다 격정의 고려 금기의 기록 쌍화점,2
파이란  세상은 날 삼류라 하고 이 여자는 날 사랑이라 한다,2
오늘 내 인생의 클라이막스다 우리에게 내일은없다    ,2
그대가 들이마시고 내가 내쉬는  한 번의 숨을 참고 영원의 숨을 쉰다,2
정말 마음을 다해 부르면 엄마가 와줄까요 엄마를 만나는 곳 오세암,2
국화꽃향기 그녀가 남기고 가야 세상 마지막 순간보다 슬픈건 나로 인해 눈물지을 당신입니다 슬픔에 익숙한 장진영 기다림이 행복한,2
극장지 여배우를 만난다,2
자신 있으면 덤벼봐 조선미녀 삼총사,2
상상보다 운명처럼 신경호 가 인연 진실 조선시대 판타지 로맨스 활극 아라시뜨 전,2
아직은 엄마를 보내고 싶지않아요 가슴 뭉클한 이별 선물 웨딩드레스,2
참았어 세상을향한통쾌한한방 펀치레이디,2
기자 판사 피고인 피고 대한민국의 유죄를 주장합니다 소수 검사 의견 변호인  큰손 피해자의 부 변호인,2
보여주지 돈이 법보다 쎄단걸 공공의적 기다려 너 잡는다 꼭 년 월말 더 세게 붙자,2
세상을 함께 달려줘서 고마워 너를 떠올리는 달콤한 기억 설탕  ,2
조금만 더 가까이 고장난 사랑에 관한 다섯가지 증상 너 때문에 나 연애불구야,2
뜻이 다른 세 개의 칼이 부딪친타 형녀 질의 기억,2
사계절에 담은 인생의 비밀 라 봄여름가을 겨울,2
사랑보다 먼저 찾아온 이별 아빠 안녕 아홉살소녀의 첫 이별 이야기 여행자 ,2
만 신화의 베스트셀러 스크린으로 부활하다 너를 닮은 영웅이 온다  신암행이사 매머드 판타지 액션 관뚜,2
당신이 우리 마음에 기적소리가 웃던 늪 겨울을 녹인 그 남자의 꽃피는 희망 교향악 봄이로면,2
전 황당하고짜릿한 순간   꿈에서는 해도 되죠,2
천국의아이들 중딩들의 개과천선 프로젝트가 시작된다 수습불가 소년소녀 음악으로 일심동체,2
이런 작별이 어딨어 편지할게도 전화할게도 또 만나자는 말도 못해 사상최초 남북 단일팀 코리아,2
보아 데릭 허프 꿈꾸둥 사랑하고 사랑하듯 춤춰라 메이크 무대가  뜨거운 펼쳐진다 ,2
두려움 빈 없는 사랑 나는 이 사랑에 목숨을 걸었다,2
시트콤 하이킥 원전 짧 은다리의 역습 너무 짧아서 못찰 줄 알았니,2
유령 과사이에 숨겨진증거,2
최 고 를 꿈꾸는 남자 최 고 를 만드는 여자 그리고 최고의 스타 미치도록 갖고 심은 이름 톱스타,2
세계가 주목한 센세이션 감동실화 삶과 죽음의 거리  살아야 한다 살기 위해 죽어도 건너야 했다,2
돈의화신,2
순정영화 와니 와 준하 자금이 순간이 기억처럼 떠올라 지금 당장 시간이 밤의 시작하면 애틋한 사랑이야기,2
무식하고 시기점검 존스롭고 그래도 나만보면 층정 웃는 엄마 그녀와의 생애첫,2
각자의 세상을 지키기 위해 그들의 이야기 드라마 추적자,2
최고의 외과의사 조선시대로 가다 닥터 진짜로,2
환상을 팔고 사랑을 만드는 화려한 도시 뜨거운 남자들이 온다 청담동   그들만의 세상 비상,2
그겨울 바람이분다,2
볼수록 정이 가는 우리 동네 일등효자 총각따뜻한 마음씨가 보여요 맨발의 김봉이 엄마만 보면 힘이 솟는 함께 행복해지세요,2
가족의 사투가 시작된다 한강 가족 그리고 월말 실로 믿기 힘든 사건이 일어난다,2
아무도믿지마 엄마가구해줄게 이들의 살인혐의 엄마의 사투,2
아슬아슬 이중생활 들키면 끝장이다 서울시장후보의 아내가 댄싱퀸 최강 코미디,2
아저씨 미안 아름답고 슬픈 저격 괜찮아 너라면,2
연예계도 예측 못한 대형사고가 터진다 원더풀라디오 유쾌한 방송가 리얼 스토리,2
그 날 이후로 내 인생은 내리막이야  빚 갚으러 왔다 인생이 만져지는 감자상포니 삶의 교향악 서른 아홉 삶의 턱주가리에 선빵을 날리다 학교 짤린 놈도 동창회 갈 수 있냐,2
두근거리는 댄서의순정 첫사랑 내 나이스무살 먹을 만큼 먹은 나이 사랑쯤은 문제 없다,2
스무살 위험한 남자에게 빠져들다 차가운 그들의 뜨거운 거짓말 사랑따윈,2
인사동 통쾌한 그림복제 스캔들 사기활극 판단불가 없다 와 월 세상을 베끼는그림전쟁이시작된다 ,2
질투와 열망이 부른 피의 비극이 시작된다 왕의남자 조선 최초의 궁중광대극,2
당신과 나사이 스치고 스며든 미로 같은 시간들 내가 고백을하면,2
죽음 앞에서 사랑한 기억을 떠올릴 것인가 사랑 받은 기억을 떠올릴 것인가,2
가장 소박한아버지의기장특별한감동을만난다 각하의 머리를 깎게된 소심한 이발사의 가슴뻐근한 이야기 효자동이발사,2
씨름은 남자만 하는 줄 알았다 경원고 씨름부 일동    천하장사마돈나 되고 싶은   월 일 다뒤집어집니다,2
아이가사라진후 범인은 있고 진실은 없다 없는 돌이진수,2
인간이 달에 도착한 그때 나에겐 그아이가 찾아왔다 소중한 대한민국을 담은 감성 애니메이션 날의 꿈,2
계백 칼자루에 새긴 칼날보다 시린 칼끝보다 아린 사랑,2
황금의제국 전후손속 연호실,2
질주가 시작된다 도망자 그의 누명을 쓴,2
   그녀들은 포기하지 않는다  아테네 올림픽 여자 핸드볼 선수들의 감동실화  우리 생애 최고의  순간,2
조선의 운명 이얼굴안에 있소이다 관상,2
역사가 기록하지 못한 사랑이 시작된다 불 용 처럼 조선왕조 마지막 멜로 나비차정 명성황후와 호위무사의 가슴 시린 사랑을 만난다,2
여기서 끝나도 좋다 폭력성금 리얼액션 하드보일드  ,2
상상하지 말고 꿈꾸지도 말것  밤과낮,2
너에게 하늘을 보여줄게 원더풀데이트,2
슈퍼스타를 향한 대한민국 최고의 빅매치 대국민 드림 버라이어티쇼,2
 왕싸가지 황태자와 엽기비굴여고생의 상상초월 엄토당도 황실로맨스      ,2
개월 남은 인생 제대로 한번 살아보자 특별기획 여인의 향기,2
우린 헤어졌다 멋진하루,2
블록버스터 첩보액션,2
오늘 출근하면 명을 죽여야 한다 집행자 어느 교도관의 첫 사형집행기,2
그들의 낭만 그녀의 비밀 위험한 추적이 시작된다 사랑을 위해 시대와 맞선 모던보이,2
전 잘못한 게 없는데요 한공주,2
가자 마누라잡으러 대책없이 유쾌하게 집나온남자들,2
누가 거짓말 하고있지 글로벌사건 미스터리현장살인극 월충격적 사건파일이 열린다,2
지독한 궁 광기의 정사 제왕의 첩,2
쎈놈만 살아 남는다 독한놈나쁜놈 강철종 기다려온 공공의 대결이 시작된다,2
드라마 장옥점 사람이살라,2
 모르겠니 널 사랑하는건 나야 그 녀석들의 트루 로맨스 늑대의유 월 온맘으로 널 사랑할께,2
      ,2
초절성 매력덩어리들의 화끈한 연애질 싱글즈  살짝만 건드려도 오늘 넘어간다,2
혼란했던 년대 이념에 대립하고 시대에 맞섰던 세 남녀의 사랑과 투쟁 사랑과 세상을 향한 열정의 닮은 꼴 음 네모난 위험한 비밀을 가진 그들이 온다,2
보고싶다 우리할머니 추석엔 다시 할머니 집으로 ,2
법인인강 사용인간 각종인걸,2
예뻐지고 싶어 그녀들이 예뻐지는 무서운 비밀 요가학원 가장 매혹적인 공포가 온다,2
기억해도될까요 그날자 찾고싶은비밀 쪽 채 월 사랑이되돌아 오는 시간,2
그녀와의 무서운 데이트가 시작된다 전지현 차태현 절라유쾌 사랑이야기 엽기적인 그녀    ,2
막장드라마,2
시트콤,2
일일,2
사극,2
연속극,2
아침,2
임성한,2
막장,2
빅맨,2
의학,2
지상파,2
종편,2
공중파,2
굿닥터,2
엠비씨,2
프로,2
판타지영화,2
시간대,2
메이퀸,2
연애시대,2
각시탈,2
사랑과전쟁,2
조기,2
왕가네,2
스페셜,2
미생,2
미드,2
어지간하다,2
시청자,2
꼬박꼬박,2
싫어하다,2
조아하다,2
태국,2
마니아,2
열광하다,2
팬,2
타입,2
매니아,2
농구,2
그룹,2
리즈중,2
원래,2
스탈,2
로맨틱영화,2
영화광,2
광팬,2
평소,2
까다롭다,2
한텐,2
마흔,2
퍼펙트,2
조음,2
였음,2
진짜루,2
셜록홈즈,2
특이,2
계열,2
청자,2
으로써는,2
질색,2
사람과,2
운명,2
간절하다,2
우정,2
진실되다,2
이별,2
끈끈,2
첫사랑,2
진실하다,2
애뜻,2
순수하다,2
갈망,2
그리움,2
어리석다,2
애환,2
인연,2
제리,2
다정하다,2
외도,2
젊음,2
간직,2
프랭크,2
참되다,2
모성애,2
유부녀,2
이성,2
삶다,2
설레임,2
고단,2
지혜,2
진짜,2
증말,2
막심,2
레알,2
정말,2
ㅈㄴ,2
ㅜㅜㅜㅜ,2
무스,2
왜봄,2
죤나,2
ㅠㅠㅠㅠㅠㅠ,2
진짜진짜,2
어우,2
베댓,2
진자,2
존잼,2
핵잼,2
ㄹㅇ,2
ㅋㅋㅋㅋㅋㅋㅋㅋㅋㅋㅋㅋㅋㅋㅋㅋㅋㅋ,2
죽겠네,2
걸왜,2
잠듬,2
님들,2
아까버,2
에여,2
ㅜㅡ,2
으아,2
ㅋㅎ,2
답니,2
까운,2
교훈,2
울림,2
감격,2
물결,2
서정,2
무진장,2
찡하다,2
뭉클하다,2
창의,2
상투,2
짜내다,2
막막하다,2
구애,2
긴장도,2
연결고리,2
자아내다,2
쓰나미,2
주루룩,2
없슴,2
주룩주룩,2
남구,2
눈물나다,2
애틋하다,2
페이소스,2
가르침,2
즐거움,2
밨,2
보장,2
시적,2
올여름,2
매끄럽다,2
신선,2
참신,2
자칫,2
템포,2
진진,2
몰두하다,2
따분하다,2
빨르다,2
평이하다,2
라든지,2
부진하다,2
과장하다,2
미흡하다,2
흥미진진,2
특이하다,2
줄어들다,2
처지다,2
드라마틱하다,2
축축,2
신선하다,2
흡인,2
급격하다,2
만족스럽다,2
다듬다,2
괜찮다,2
싱겁다,2
민감하다,2
느슨하다,2
기이하다,2
펑펑,2
울면,2
눈물나다,2
엉엉,2
울음,2
콧물,2
왈칵,2
주룩주룩,2
글썽,2
흘리다,2
쏟다,2
주르륵,2
울컥,2
꺼이꺼이,2
하염없이,2
소리내다,2
찔끔,2
뭉클,2
서럽다,2
코끝,2
바가지,2
방울,2
주루룩,2
운,2
회보,2
폭풍눈물,2
줄줄,2
핑,2
슬프다,2
주륵주륵,2
헛,2
자아내다,2
간간히,2
실소,2
헛웃음,2
피식,2
비웃음,2
미소,2
억지,2
개그,2
저절로,2
입가,2
썰렁하다,2
이나고,2
터지다,2
즐거움,2
눈물샘,2
허탈하다,2
유머,2
깨알,2
욕설,2
울화통,2
짜내다,2
흐믓,2
눈물,2
곳곳,2
주룩주룩,2
간간이,2
어이없이,2
포인트,2
흘리다,2
주룩주룩,2
콧물,2
펑펑,2
주르륵,2
하염없이,2
방울,2
쏟다,2
찔끔,2
울컥,2
왈칵,2
울음,2
줄줄,2
폭풍눈물,2
글썽,2
핑,2
주루룩,2
울다,2
쏟아지다,2
오열,2
주륵주륵,2
코끝,2
짜내다,2
주체,2
저절로,2
도록,2
물결,2
벅차오르다,2
엉엉,2
눈시울,2
애잔하다,2
시리다,2
쓸쓸하다,2
황홀하다,2
애절하다,2
선율,2
사랑스럽다,2
평온하다,2
성장기,2
탱고,2
애틋하다,2
싱그럽다,2
낭만,2
스며들다,2
풍경,2
아리다,2
수채화,2
바이올린,2
감미롭다,2
기묘하다,2
눈망울,2
흥겹다,2
시리,2
노년,2
멜로디,2
아련하다,2
진솔하다,2
순수하다,2
오드리,2
눈시울,2
참되다,2
기쁨,2
권리,2
중요성,2
믿음,2
주님,2
실천,2
누리다,2
보듬다,2
신념,2
불행,2
프랭크,2
깨달음,2
깨우치다,2
조국,2
그리스도인,2
돌보다,2
해답,2
곁,2
축복,2
간절하다,2
진실되다,2
시련,2
품,2
고마움,2
상대방,2
되돌아보다,2
진실하다,2
주어지다,2
깨달,2
순영,2
강용석,2
땡큐,2
지현,2
홧팅,2
선교사,2
남상,2
우승,2
은지원,2
이태석,2
젠틀맨,2
엑소,2
충무공,2
쌩까다,2
보영,2
보조,2
천둥,2
유느님,2
몬스타,2
파이팅,2
께서,2
외숙모,2
박미선,2
인자,2
추모,2
수현,2
응답,2
종형,2
땅크,2
태현,2
힘내다,2
파이팅,2
홧팅,2
화이팅,2
스탭,2
추기경,2
노민우,2
감사,2
땡큐,2
부탁드리다,2
축하,2
어르신,2
이태석,2
잘해주다,2
공유,2
인피니트,2
이상우,2
순영,2
윤,2
열심히,2
수경,2
보영,2
옥한흠,2
노희경,2
엠씨,2
멤버,2
소방관,2
지현,2
강용석,2
교체,2
오래도록,2
진하다,2
남고,2
울림,2
오랫동안,2
남다,2
가슴속,2
후유증,2
남아,2
한여운,2
오래,2
이남,2
남구,2
잔잔하다,2
잔잔,2
묵직하다,2
서늘하다,2
애잔하다,2
아련하다,2
뇌리,2
찝찝하다,2
선명하다,2
삽입곡,2
뭉클,2
머릿속,2
평온하다,2
무언가,2
멍하다,2
기다림,2
아쉬움,2
다시금,2
중요성,2
곁,2
기쁨,2
허비하다,2
행복,2
되돌리다,2
귀하다,2
값지다,2
고맙다,2
그리움,2
깨우다,2
깨우치다,2
코스모스,2
외롭다,2
생명,2
주위,2
품,2
기쁘다,2
황금,2
살아오다,2
깨달,2
고마움,2
서글프다,2
행운,2
진실되다,2
불행하다,2
되찾다,2
그리스도인,2
고통스럽다,2
품,2
고마움,2
보듬다,2
되찾다,2
주님,2
참되다,2
좌절,2
그리움,2
수치심,2
줄기,2
어루만지다,2
간절하다,2
갈구다,2
직면,2
불행,2
곁,2
남겨지다,2
주어지다,2
사명,2
깨우치다,2
누리다,2
역경,2
떠나가다,2
찰나,2
외로움,2
다다르다,2
치유,2
희노애락,2
휴식,2
값지다,2
고맙다,2
감사,2
기쁘다,2
부디,2
수고,2
땡큐,2
소방관,2
건강하다,2
다시금,2
새삼,2
추기경,2
행복하다,2
위로,2
가르침,2
오래오래,2
깨우치다,2
분발,2
은혜,2
힘내다,2
뵙다,2
기회,2
잘해주다,2
부탁드리다,2
되돌아보다,2
아낌없다,2
페어리테일,2
귀하다,2
앤드류,2
깨달음,2
노고,2
뭉클하다,2
코끝,2
짠하다,2
아리다,2
흐뭇하다,2
한구석,2
저리다,2
뭉클,2
눈시울,2
따뜻하다,2
벅차오르다,2
애잔하다,2
아려,2
시리,2
시리다,2
푸근하다,2
글썽,2
따스하다,2
두근거리다,2
입가,2
머금,2
회한,2
아련하다,2
주르륵,2
애틋하다,2
두근두근,2
주룩주룩,2
물결,2
뜨겁다,2
울컥,2
따스하다,2
포근하다,2
뭉클하다,2
한구석,2
찡하다,2
훈훈하다,2
소박하다,2
흐뭇하다,2
두근거리다,2
힐링,2
모처럼,2
잔잔하다,2
푸근하다,2
시리,2
아리다,2
인간미,2
저리다,2
편안하다,2
연말,2
설레임,2
애틋하다,2
애잔하다,2
뭉클,2
벅차다,2
스며들다,2
입가,2
은은하다,2
눈시울,2
맑다,2
평온하다,2
너의 얼굴을 찾아줄께 얼굴없는 원혼의 저주 페이스 올 여름을 지배할 첫번째 공포,3
거역할수 없는 프로젝트 가슴에 남을 혁명 중간첩 두개의 조국 두개의 신분 단 하나의 임무,3
   절대 공포,3
사랑하는 물을 상을 도 그리웠고 소설도로 두렵지 않다  제 사랑 골프존스 한영혼을사로잡은지독한,3
여우야 여우야 내 소원을 들어줘 여고괴담 세번째 이야기,3
면 시골마을 두 형사에겐 모든 것이 처음이었다 살인의추억 연쇄살인,3
리얼형사활국 와일드카드 우리는 대한민국 강력계 형사다,3
범우주적 코 믹 납 치극 혹시 당신 외계인 외계인퇴치 비밀병기  대한민국 청년 병구야 지구를지켜라,3
깊은밤홀로남은자 절대거울을보지마라 거울속으로   ,3
우리 집에 놀러오세요 가족괴담 장화 홍련,3
      ,3
알포인트 귀신과의 전쟁  년 베트남 우린 적이 아닌 귀신과싸웠다,3
기억속의 놈과 마주쳤다 또 다른 내가 서 있는 곳 기미술,3
지는 게임엔 배팅하지 않는다 누구나 한번쯤 꿈꾸는 통쾌한 사기   리얼사기극 범죄의재구성,3
그녀를 갖기위한 위험한 사랑의 기술 얼굴없는미녀 날원해요 년월 당신을사랑할그녀가옵니다,3
시간 후 예고된 죽음과의 써 대결 생각하지 마라 예상하지 마라 살고 싶다면 운명을 멈춰라,3
그녀가 움직이기 시작했다     친절한 금자씨,3
말해봐요 정말날죽이려고했어요 느와르 액션 달콤한인생,3
오늘 한 아이가 죽었다 아직 살인은 남아있다 미리 쓰여진 슬픈 살인의 기록 원의원기,3
말이 통하고가슴이 뜨거워져도 우리는 싸워야만 한다 태풍 년 월 두개의 태풍이 격돌한다,3
나랑 친구할래 나를 부르는 죽은 친구의 속삭임 여고괴담  목소리 당신의 귀를 의심하라,3
단 한번의 대결 단 하나의 사랑 년 월 그들의 사랑은 신화가 된다 ,3
내가 쏘면 행동개시야 그날 전대미문의 사건을 벌인 그때 그사람들,3
가족의 사투가 시작된다 한강 가족 그리고 월말 실로 믿기 힘든 사건이 일어난다,3
나를 가져봐 욕망 싶은 아름다워지고   올 형벌  잘릴 머리,3
치밀한 두뇌플레이 타고난 동물적 감각  검찰의 전설이 온다       관한 화려한수사 박수칠때 살인에 떠나라,3
우리는 대한민국 액션공무원이다 강력반 리얼형사액션극,3
불을 끄지마 당신 옆에 있어 죽음이 시작되는 공간 아파트,3
   년 전 나의 연주가 오늘 내 가족을 죽인다 살인서곡 첼로 부제 홍미주일가살인사건,3
매너 있게 골라서 처리한다 세상도처에 살고있는 키의 것을,3
않았어 부딪친다 늦지 걸고 놈들 아직 전부를 맞선 질긴 세상과 우린 세상의 강적이 된다,3
세상에 믿을 놈하나없다 마약 중간 판매상미친 형사를 만났다 사생결단 나쁜 놈과 더 나쁜 놈 두 열혈악당의 생존법칙,3
년 만에 찾은 동생이 눈 앞에서 죽었다 반드시 끝을 본다 수 하드보일드의 세계적 거장 년 월 당신의 심장을 끓게 할 하드보일드 액션을 만난다,3
상상초월 러브 어드벤처 초능력 커플의 시람잡는 데이트기시작된다 조감각  커플,3
모두가 즐겨라 인조 추격대와 식인 멧돼지의 한판승부 괴수 어드벤처 스릴코믹 어드벤처의 절묘한 만남,3
웃어라 아버지니까 조직에 몸담은 가장의 꿈 우아한세계 생활이 곧 느와르가 된다,3
고립된 섬 단 삼일간 열일곱명이 사라졌다 미스터리 추리극 칠성을 사적소규 락도 년 월 년간은폐된 사건이 베일을 벗는다,3
선생님 오래오래 사셔야 해요 살인을 부르는 칼날같은 가르침 스스의 은혜,3
세상을 조종하는 악령과의 한판대결  맨데이트 신이 주신 임무 초자연적인 액션 스릴러가 온다,3
아무도믿지마 엄마가구해줄게 이들의 살인혐의 엄마의 사투,3
범인이 잡혀도 끝나지 않는 공포와 분노 심 죽음보다더참혹한 홍 그녀가 사라진사건의전말이 공개된다,3
이기는 놈이주인공이된다 당하는 영화다 최고의 액션한판을 위한 리얼 승부극,3
풀지못하면 한명씩 죽는다 시험은 시작되었다 피의중간고사 오감을 자극하는 단 하나의 호러스리길,3
살아남기 위해서는 누구도 믿지 마라 바다 속 은밀한 거래 보이 마린,3
영원히 함께 하기로 했잖아 친구니까 여고괴로 동반자살 여고괴담 첫 공포로 찾아온다,3
지금 여기 그남자의 비열한 카니발이 시작된다 비열한 거리,3
잃어버린 순간 표적이 된다 놈과의 피할 수 없는 통화 일절대 잃어버리지 말것,3
살인 용의자 그리고 아내 누가 무엇을 감추고있는가 시크릿 년 월 마지막 진실이 밝혀진다,3
자살하러 갔던 명의 타살기록 남의 손에 죽긴 싫어 요일 죽음을 부르는 요일,3
년의 시차 같은 삶의 반복 내게 누군가의 인생이 반복되고 있다 다른시대 같은운명 평행이론,3
하얀 어둠 속을 걷다  그날 이후 년의 기다림과 슬픈 살인이 시작됐다,3
명의 죽음 명의 생존자를 남긴 서바이벌 게임쇼 년월 마지막한명이살이남을 때까지 멈출수없다,3
물품 등 것이 사라지고 시작되었다 신들린소녀를 향한 잔혹한 믿음 불신지옥 신들린 소녀가 찾아온다,3
멈출 수 있다면 그것은 분노가 아니다 용서는없다 두 남자 비극의 끝에서 만나다,3
끝이라고 생각했던 순간 그가 나를 숨쉬게 했다 파국의 사랑 비,3
장진 사단의 미스터리 사람잡는 맛이로다 산장 스 전설의 살인마를 홀린 된장 사건이 터진다,3
누가 거짓말 하고있지 글로벌사건 미스터리현장살인극 월충격적 사건파일이 열린다,3
그녀들의 목소리가 담장을 넘어 세상을 울립니다 하모니 단 하루의 만남을 위한 년 간의 노래,3
사라진 약혼녀 계획된 살인 그녀를 찾아야만한다 화차 인생을 훔친 여자 첫번째 미스터리가 온다,3
넌 너무 불친절해 미치도록 잔혹한 핏빛 복수 김복남 살인 사건의 전말 심장을파고드는그녀의 복수가 시작됩니다,3
피를 부를 때 까지 한 번 해보자는 거지 친절협박봉사 손님 음  왕이다 년 월 어서오십시오 정성껏 모시겠습니다,3
노래방 필살 복수가 시작된다 월 이기는 자의 기억이 진짜다 ,3
그녀의 특별한 요리가 수상한 남녀의 달콤 예측불허 연애담 시작된다,3
예정된 실종 마지막 표적이 된 소녀가 그들 앞에 놓였다 소녀들이 사라지는그곳 조용한세상,3
열혈남아 복수를 향한 일주일 그놈의 엄마를 먼저 만났다,3
타짜,3
월 최후의 자신   친구라고 웃기지마   전송하면 넌 죽지않아 착신아리   ,3
돌아온 기억 시작되는 살인 리턴  돌아온다,3
누가 유리를 모았는가 조종하는 차 는 유유입니다 두뇌유희 프로젝트 년 월 영화를 보는 순간 모든 퍼즐이 맞춰진다,3
당신은 한 시간안에 날 죽이게 될거야 사랑이 용서받는 날 뷰티풀선데이,3
일본땅조선아이들의 시작된다 등교가 용감한 조선학교 아이들의 희망다큐 우리학교 혹가이도,3
그들을 보고 있는 당신 이미 죽음과 계약했다 검은집 싸이코패스 공포스릴러,3
그들의 낭만 그녀의 비밀 위험한 추적이 시작된다 사랑을 위해 시대와 맞선 모던보이,3
전소대원 의문의 몰살 사건 발생 보이는 것이 모두 진실은 아니다 헌 병 최전방 미스터리 수사극,3
살고싶으면 입 다물라 구 년 궁중미스터리,3
방심한 순간 모든 것이 뒤바뀐다 목숨을 건 내기 더게임,3
생존본능 그들의 위험한 질주가 시작된다 걸 살인본능,3
테러범님이번엔 우리 오빠를  미치도록 테러당하고 싶은 그들 꽃미남역 쇠 대리시간 미스터리 코믹극,3
마지막에 웃는 자 누구인가 최강액션대작 눈에는 눈 이에는이,3
쎈놈만 살아 남는다 독한놈나쁜놈 강철종 기다려온 공공의 대결이 시작된다,3
대한민국을 뒤흔든 희대의살인마 놉을 잡은 건 경찰도 검찰도 아니었다 그날밤 놈을 쫓던 단한명의 초격 추격이 시작된다,3
바다를 건너자 모두가 적이 됐다 황해,3
갖지 못하면 만들어야지 아름답고 정교한 복수 닥터,3
년전 사라진 소녀 그녀가들려준 섬뜩한 이야기 미스터리 추적극 베스트셀러 그녀의필사적인 추적이 시작된다,3
생리컵밥 파괴됨 사나이 월 초 가슴을 울리는 사투가 시작된다,3
줬다뺏는건 나쁜거잖아요,3
복수의 두얼굴 광기의 대결이 시작된다 악마를보았다,3
나 한번 일낸다 대박 통쾌한 추석액션,3
지금부터 시키는대로 방송하는거야 제한된 시간 놈과의 사투가 생중계 된다 사상 최악의 생방송 심야의  전국을 뒤흔들 미친 생방송에 동참하라,3
사람잘못건드렸어 복수가 진로진 사람 디 세무시 시간은 하트 복수가시작 지독한 이보다 리얼 카리스마 액션,3
세상이 멈췄다 딱 한놈만 빼고 초능력자,3
백수 같은 누가 먼저 형사형사같은 살인자를 만날 것인가 백수 추격코미디 반가운실인자 놈은 내가 잡는다,3
잠수의 끝,3
미스터리 공포 화이트 저주의멜로디 너만없어지면 내가 메인이야 월 소녀들의 잔혹한 무대가 시작된다,3
아이가사라진후 범인은 있고 진실은 없다 없는 돌이진수,3
정조 년 조선을 뒤흔든 스캔들 조선명탐정 각시투구꽃의 비밀,3
니가이긴것같지 내가 공소시효가끝난 연쇄살인범의 충격고백 살인복,3
하나의 사건 두명의 목격자 엇갈린 진술 오감추적 스릴러 블라인드,3
우발적 사고 잘못된 선 택 죽이려던 게 아니었어 년 전 그날 밤 모든 것이 시작되었다 살해당한 딸 지독한 복수의 시작 내가 끝내야 끝나는 거야 년의 되돌릴 수 없 는,3
공해상 사람들의 심장이 거래되고있다 한명만 죽어주면 서넛은 살리고도 남아 당신의 고모자를 심장을 노리는,3
도시를 장악한 충격적 연쇄 비극이 시작된다 비정한도시 피해자가 될 수 있다,3
유혹은 향기를 남기고 살인은 증거를 남긴다,3
된다 단서가 사랑이 그의 알리바이 용의자 완벽한 천재수학자의,3
만지면 놈이 보인다 사이코메트리 과거를 보는 손,3
이웃사람들이 놈을 눈치채기 시작했다 살인마도 그가 죽인 소녀도 모두가 이웃사람,3
다섯이 있어야 가능한 완벽한 복수 더파이브,3
감성 스릴러 세상에서 가장 잔인한 의심이 시작된다 ,3
사랑하는 아내 평범한 일상 소중한 추억 모든 것이 조작되었다 타인의 기억을 가진 님가 무명인 일조작된 기억의 진실이 밝혀진다,3
년전 그 놈이 다시 나타났다 그 놈을 잡아라 동타주,3
그녀의 웹툰대로 살인이 벌어진다 더웹툰 예고살인,3
본격 사회 고발 애니메이션 당신이 믿는 것은 진짜입니까,3
눈으로 모든 것을 기억하라 놈을 쫓는 천 개의 눈 감시자들,3
아버지 왜 절 키우신거에요 화 명의 범죄자 아버지 그리고 괴물을 삼킨아이,3
인질이 죽어야 테러가 끝난다 더 레터 라이브,3
딸을 잃고 살인자가 된 아버지 온 세상이 그의 외로운 추격을 뒤쫓는다 대한민국의 심장을 베어버릴 문제작 방화하는칼날,3
장난 폭 한 듀 엣 죽도록 괴로워야 복수지 응징자 ,3
스릴러물,3
미스터리,3
공포,3
호러,3
멜로,3
공포물,3
서스펜스,3
미스테리,3
장르,3
공포영화,3
느와르,3
액션영화,3
코미디,3
괴수영화,3
호러물,3
코메디,3
범죄물,3
재난영화,3
컬트,3
로맨스,3
범죄영화,3
블랙코미디,3
블록버스터,3
호러영화,3
오컬트,3
추리,3
슬래셔,3
고어,3
히치콕,3
무협,3
미스터리,3
분류,3
무식,3
빙자,3
부패,3
감금,3
대입,3
불명,3
다양성,3
공산주의,3
음모론,3
서스펜스,3
휴머니즘,3
혼합,3
공식,3
종교영화,3
바이블,3
범죄물,3
환타지,3
불법체류자,3
표본,3
암투,3
조장,3
패러다임,3
진화,3
극화,3
다작,3
실태,3
치부,3
영화장르,3
획기,3
쇼크,3
쇼킹,3
경악,3
섬뜩하다,3
혁신,3
매혹,3
창의,3
파격,3
쓰나미,3
입체,3
오싹하다,3
치명,3
무진장,3
감동,3
압도,3
인상,3
끔찍하다,3
더씽,3
헐크,3
센세이션,3
인터스텔라,3
감명,3
직설,3
식스센스,3
구체,3
실질,3
하이라이트,3
애니메이션영화,3
상투,3
떨구다,3
댕기,3
이어폰,3
벌벌,3
호들갑,3
쏠때,3
방구,3
트리,3
가방,3
레이저,3
대갈,3
끄적,3
내장,3
설치,3
레이져,3
정색,3
직,3
기관총,3
답시고,3
꽥,3
발광하다,3
쏠,3
방정,3
지드,3
으악,3
고함,3
루나,3
리리,3
라이터,3
꽂다,3
쟝르,3
해감,3
의뢰인,3
구질구질,3
중지,3
웹,3
갱신,3
김지미,3
금융,3
성립,3
상당수,3
스핀오프,3
계백,3
올가미,3
국방,3
내보이다,3
두기봉,3
세태,3
제한상영가,3
무산,3
오역,3
블랙스완,3
김준,3
편곡,3
국회,3
분단국가,3
빅터,3
본보기,3
의정,3
시나리오작가,3
구심,3
확신,3
수긍,3
고려,3
자질,3
우습다,3
공평하다,3
자괴,3
견,3
현혹,3
허황,3
우릴,3
입증,3
테스트,3
매장,3
붕괴,3
의문,3
알바로,3
농락,3
겸손하다,3
만회,3
신지,3
대다수,3
현역,3
휩쓸다,3
가늠,3
무관심하다,3
여론,3
믿어지다,3
여겨지다,3
구심,3
의아,3
쯔쯔,3
궁금,3
공자,3
지점,3
의심,3
자신감,3
여부,3
명언,3
확신,3
이영환,3
만회,3
제한,3
무었,3
따름,3
심정,3
알바로,3
호평,3
생각,3
궁금하다,3
우습다,3
자문,3
궁금증,3
수상하다,3
어마어마하다,3
논란,3
구지,3
해피앤딩,3
메일,3
칙칙하다,3
음산하다,3
어지럽다,3
음울하다,3
음침하다,3
나른하다,3
단조롭다,3
입체,3
난잡하다,3
딱딱하다,3
건조하다,3
시종일관,3
복잡하다,3
축축,3
지저분하다,3
그로테스크,3
기괴하다,3
움직임,3
수려,3
색채,3
산뜻하다,3
평면,3
어수선하다,3
단조,3
정적,3
괴기,3
긴박하다,3
씬들,3
빨르다,3
따분하다,3
실마리,3
부패,3
악순환,3
굴레,3
고리,3
정해진,3
증오,3
파국,3
행각,3
권태,3
파멸,3
객관성,3
복제인간,3
닥쳐오다,3
직면,3
평등,3
정신분열,3
화해,3
무인도,3
예견,3
동기,3
쾌락,3
산자,3
발생,3
재판,3
나치,3
이동,3
순환,3
인간성,3
단절,3
늦추다,3
틈,3
끈,3
긴장감,3
몰입,3
몰아치다,3
조이다,3
쫄깃,3
집중,3
긴박,3
궁금증,3
박진,3
조마조마하다,3
한시,3
졸음,3
땔,3
숨막히다,3
스킵,3
따분함,3
긴박하다,3
조성,3
깜빡,3
고조,3
팽팽,3
숨죽,3
땔수,3
진진,3
숨,3
예측,3
초도,3
집중,3
감정이입,3
몰입도,3
흡입,3
긴장,3
이입,3
긴박,3
세련,3
정선,3
조성,3
방해,3
위화,3
압박,3
박진,3
늦추다,3
발성,3
빨르다,3
흡인,3
좀처럼,3
이해도,3
액션연기,3
매료,3
네러티브,3
궁금증,3
적응,3
만회,3
루즈,3
조마조마하다,3
고조,3
부자연스럽다,3
더러워지다,3
얄밉다,3
찜찜하다,3
하여튼,3
글케,3
잘나다,3
개떡같다,3
뒷맛,3
퍼센트,3
추잡,3
일어나지,3
내지,3
생기지,3
나빠지다,3
상책,3
악하다,3
패륜,3
침울하다,3
애매하다,3
이상하다,3
하여간,3
지저분하다,3
태반,3
안좋다,3
평판,3
멍청하다,3
낯설다,3
어쩃,3
쉽다,3
강도영,3
주민,3
보호,3
낙태,3
의무,3
시민,3
가해자,3
처벌,3
성폭행,3
민간인,3
세뇌,3
패배,3
병자,3
약자,3
벌,3
자가,3
합당,3
경고,3
무고,3
이라크,3
굶다,3
상대로,3
선량하다,3
소수자,3
몰살,3
비난,3
정당하다,3
필사,3
공산,3
엘지,3
살수,3
그릇되다,3
권태,3
부르짖다,3
평등,3
공통,3
허물,3
관조,3
인간관계,3
분자,3
내재,3
파시즘,3
화합,3
뮤지션,3
관용,3
단절,3
집요하다,3
영역,3
심경,3
딛다,3
소용돌이,3
관음증,3
중시,3
정신분열,3
관습,3
질서,3
빨치산,3
신앙심,3
분출,3
쾌락,3
쟁취,3
정리,3
수습,3
취재,3
위기,3
사소하다,3
실마리,3
밝혀지다,3
원인,3
계획,3
허황,3
이쯤,3
잡지,3
준비,3
통일,3
통제,3
제시,3
우왕좌왕,3
고리,3
빠르기,3
범위,3
변경,3
관계도,3
여과,3
갑작스럽다,3
악행,3
잘라먹다,3
화해,3
미혼모,3
불평,3
악순환,3
국회,3
신격화,3
수상하다,3
덕목,3
여부,3
고사하고,3
객관성,3
내전,3
테무진,3
패인,3
범주,3
통과,3
항복,3
지성인,3
비폭력,3
내재,3
작용,3
규정,3
파생,3
폭로,3
비주류,3
회피,3
매개,3
불분명,3
초래,3
쟝르,3
전말,3
허위,3
알제리,3
남쪽,3
대강,3
만회,3
쌩뚱맞,3
빗나가다,3
꾹꾹,3
허접스럽다,3
짐작,3
서두,3
눈감다,3
퍼센트,3
십분,3
적중,3
분안,3
짱짱하다,3
주니,3
자평,3
급격하다,3
개정,3
지점,3
전임,3
추진,3
구점,3
이상태,3
당체,3
희한하다,3
까지야,3
명료하다,3
느긋하다,3
법도,3
확실,3
사골,3
먹기,3
날로,3
거저,3
궈,3
울궈,3
먹다,3
해치다,3
곰탕,3
소문나다,3
해지,3
국물,3
칠하다,3
호빵,3
사탕,3
끓이다,3
먹듯,3
고기,3
하다못해,3
집밥,3
개밥,3
굽다,3
짤,3
탕,3
디저트,3
돼지고기,3
소금,3
챔프,3
횟수,3
재탕,3
믿어지다,3
역시,3
잉여,3
라고는,3
의심,3
견,3
오지,3
솔까말,3
보실,3
안목,3
낭패,3
놀란,3
동의,3
거르,3
적지,3
허지웅,3
최동훈,3
다행하다,3
영영,3
년작,3
브레이브하트,3
차마,3
어마어마하다,3
개탄,3
이라고는,3
수긍,3
답지,3
만치,3
매기,3
중하,3
함께 있을 때 우린 아무것도 두려울 것이 없었다 친구,4
일등급깡패 조폭급선생 초특급왈가닥 못말리는인방 그들이여름을한방어접수한다  달밤  신라의  코믹액션,4
성냥놀이소녀 임은경 예측불가능주무기 기관총보유차량 사랑하는 이를 잃고 시스템에 갇혀 라이터들 파는 소녀 게임방알바생의미와동일 인물이면서 동시에 다른 인물 그녀의 행동이나 생각 감정 무엇도 규정함 수없다 주무기 피스동 보유차량 주의가까운 친구인 프로게이머 시스템에 고용돼 성남달이소나를 구하려는 주를 제거하는 일부를닿는다 성냥팔이소녀를구하고 그녀의 사랑을 얻어라 주 김한성 예측불가능 주무기전설의 고등어 보유채 게임에 미친 짜장면 배달부지안게임보다 성남발이소녀를대사 힘도 없고 능력도 없지만 그만큼겁도 없는 놈 소녀를 구하기 위해 앞뒤 가리않고 당한다 액션신비극 성냥난이소 여의재리,4
일본제국 제도시 서울 제국과의 인전쟁이 시작된다,4
통제불능의 지하철 목숨을 건 사투가 시작된다  땅속을 뒤흔드는 스피드 액션,4
죽여야한다 그래도 사랑은 시작된다 내츄럴시티 영혼과기억을사로잡으며,4
너에게 하늘을 보여줄게 원더풀데이트,4
년 세상은 그들의 룰대로 움직인다   킬러들의수다 멋진 남자들의 죽여주는 프로젝트,4
조폭 마누라     ,4
너의 상상력에   빵구름,4
지독한 경찰 악독한 범인 끝장을 낼시간이 왔다 ,4
조폭생활 년이런 학교는 처음이다 폐 무대포코미디 상 춘 두사부일체 고,4
살아있다 사랑한다 불만있냐 고,4
한국인으로태어나 조센진으로살았던 파이터로 기억될 이름 최배달 바람의 파이터 신화가 된 실화    ,4
거역할수 없는 프로젝트 가슴에 남을 혁명 중간첩 두개의 조국 두개의 신분 단 하나의 임무,4
인생은 타이밍이다  내일의 특사하루를 못참고 담을 넘었다 운수대통 최고의 웃음을 몰고오는 최강 특사군단 코믹액션 광복절특사,4
황산벌 신명나는 프전 역사코미디 아쌀하게 붙어 부러 가을 최고의 맞짱을 뜬다,4
면 시골마을 두 형사에겐 모든 것이 처음이었다 살인의추억 연쇄살인,4
리얼형사활국 와일드카드 우리는 대한민국 강력계 형사다,4
무술 단의 화려한 비열악날 액션 이소룡 엽기 염기통해코믹액 션 맞짱뜨는 세상이랑 이이를 릉 꿈을 위해서라면 뭐든지 다 주는 연변처녀 즐래실래   ,4
우린 반드시 살아서 돌아가야해 태극기 휘발리며 ,4
찬스가 왔다 절호의 순직할 쏴아 쏠테면 경  이대로 순직프로젝트 죽을 순 없다 사생결단,4
      ,4
 사치충천 위기의 도시를 구할 기쎈녀석이온다 아라한 장풍대작전 월말 예측불허 도시무협이 온다,4
년 우리들의 학원액쑌로망 말죽거리 전호사 불타는,4
설마 혹시 남한 백두장교 동해병사 북한 컴백 프로젝트 물과 동해 백두산,4
알포인트 귀신과의 전쟁  년 베트남 우린 적이 아닌 귀신과싸웠다,4
규칙도 모른다  기술도  없 다  매 너 도 더 럽 다   크하핫 반칙왕이 나가신다 꽃다지기 양아치 태권도부의 전국대회 도전기,4
지는 게임엔 배팅하지 않는다 누구나 한번쯤 꿈꾸는 통쾌한 사기   리얼사기극 범죄의재구성,4
역도산 세상을삼킨다 영웅이 온다 송해삼 세상에서가장슬픈 ,4
시간 후 예고된 죽음과의 써 대결 생각하지 마라 예상하지 마라 살고 싶다면 운명을 멈춰라,4
스물여덟 초보영웅 이순신 그를 도와 조선을 구하라 남북한 군대의 이순신 장군 만들기 프로젝트 천군    월 이순신 장군님이 오십니다,4
년월 그녀의 수상한 등교가 시작된다 생활상무 수업끝 출동이닷 청소도구   형형사 김선아의 학교잠입 프로젝트  잠복로,4
인생을 건 두남자의대결이시작된다 가슴을 울리는 주먹 한방 주먹이운다  ,4
웰컴투 동막 글    년 지금은 전쟁중 전쟁한가운데 믿지 못할연합작전이 시작된다,4
조폭보다 무섭다 다섯할매  왕년에 좀 놀았다 서울촌놈 말보다 주먹 시키는대로만히면별일은없을꺼구만 요지게 마파도 빡센섬,4
보여주지 돈이 법보다 쎄단걸 공공의적 기다려 너 잡는다 꼭 년 월말 더 세게 붙자,4
불멸의,4
세 남자가 뜨면 세상이 뒤집힌다 코믹스반란 세남자들의 검없는 가을지마,4
말해봐요 정말날죽이려고했어요 느와르 액션 달콤한인생,4
만 신화의 베스트셀러 스크린으로 부활하다 너를 닮은 영웅이 온다  신암행이사 매머드 판타지 액션 관뚜,4
년 월 대한민국 의 새로운 신화를 목격하라,4
오늘 한 아이가 죽었다 아직 살인은 남아있다 미리 쓰여진 슬픈 살인의 기록 원의원기,4
말이 통하고가슴이 뜨거워져도 우리는 싸워야만 한다 태풍 년 월 두개의 태풍이 격돌한다,4
년 발해 그들의 대결은역사가된다 서사액션 대작 무영검,4
단 한번의 대결 단 하나의 사랑 년 월 그들의 사랑은 신화가 된다 ,4
서기 이 홍콩에서 누님이 오신다 조폭마누라      년 월 누님을 맞이하라 ,4
가족의 사투가 시작된다 한강 가족 그리고 월말 실로 믿기 힘든 사건이 일어난다,4
조직이 키운 장학생 형사가 되어 돌아왔다 맛술닭 라테스,4
무림지존 최강을 원한다              거칠나를    거침없는 리얼 액션,4
홀 생의 마지막에 부르는 자유의 노래 리데이   유전무죄 무전유죄,4
우리는 대한민국 액션공무원이다 강력반 리얼형사액션극,4
우리를 기다리는 저들을 보라 어서가서 웃기자 독사부 일체 당분간 이런코미디는 없다 두사부일체이번엔 교생이다,4
한국 영화의 아름다운 도전 마당을 나은 암탉 잎싹,4
매너 있게 골라서 처리한다 세상도처에 살고있는 키의 것을,4
않았어 부딪친다 늦지 걸고 놈들 아직 전부를 맞선 질긴 세상과 우린 세상의 강적이 된다,4
세상에 믿을 놈하나없다 마약 중간 판매상미친 형사를 만났다 사생결단 나쁜 놈과 더 나쁜 놈 두 열혈악당의 생존법칙,4
슬프고도아름다운 연인의 전설 영혼들이 일 동안 머무는곳 중천 년 월 새로운 전설이 시작된다,4
자극할수록 강해지는 에로 흡혈귀 건드리면 문다앙 흥분하면 변신하는 흡혈형사,4
자란다고 간은다시 리모델링하자 이왕파는거 한번 인생 쓸땐웃고 우는게 사채다  갚을때 광태야 안다스텐 있는법 빛처럼 튀어라 돈은 쓰라고 빚이 있다면 광태야 우리 키워보지 네 간 한번 품 과거중 사채업자  하회 마개껌  사기도 길도 순진건달 친구도 사토  마함퍼인 야쿠자 바지니스  니들이 들어봤나모르겠다 더럽이니 글씨 조직내 문래동 포커페이스이  내가 권명수다 하계자  머메로 크리너  몸조심해   스페어 당신은  중요해 부족한 내게도 필요한 하나쯤 인생에,4
 아   악인들 지옥에서 만나다 리,4
그 날 이후로 내 인생은 내리막이야  빚 갚으러 왔다 인생이 만져지는 감자상포니 삶의 교향악 서른 아홉 삶의 턱주가리에 선빵을 날리다 학교 짤린 놈도 동창회 갈 수 있냐,4
딸을 유괴당한 유괴범의 진땀나는 당혹 시츄에이션 코믹서스펜스 잔혹한출근,4
쓰나미도 휩쓸지 못한 그들의 이야기가 시작된다 해운대,4
연애는 왕초보  캐발랄 로맨틱 무림 액션 코미디 균여 며 대상 무술은 킹왕짱 그녀를 만나라,4
년 만에 찾은 동생이 눈 앞에서 죽었다 반드시 끝을 본다 수 하드보일드의 세계적 거장 년 월 당신의 심장을 끓게 할 하드보일드 액션을 만난다,4
코딱지만한 동네에도장셋 김관장 대 김관장 대 김관장,4
바다를 건너는 한탕이시작됐다 두 남자의 위험한 거래 놓치면 후회할 놈들이 온다,4
모두가 즐겨라 인조 추격대와 식인 멧돼지의 한판승부 괴수 어드벤처 스릴코믹 어드벤처의 절묘한 만남,4
년의 기다림 복수는 시작되었다 년,4
웃어라 아버지니까 조직에 몸담은 가장의 꿈 우아한세계 생활이 곧 느와르가 된다,4
세상을 조종하는 악령과의 한판대결  맨데이트 신이 주신 임무 초자연적인 액션 스릴러가 온다,4
아무도믿지마 엄마가구해줄게 이들의 살인혐의 엄마의 사투,4
범인이 잡혀도 끝나지 않는 공포와 분노 심 죽음보다더참혹한 홍 그녀가 사라진사건의전말이 공개된다,4
이기는 놈이주인공이된다 당하는 영화다 최고의 액션한판을 위한 리얼 승부극,4
전대미문의 영웅 천방지출 악동 도사가 온다 전우치 히어로무비 한국형 최초의,4
피할 수 없는 놈과의 사투가 시작됐다 액션 블록버스터 광구,4
살아남기 위해서는 누구도 믿지 마라 바다 속 은밀한 거래 보이 마린,4
또 너냐 다음엔 죽는다  지발 잡히지 마라 너는 내가 잡을거여 빠른놈위에 질긴놈 거북이 달린다 흙먼지 날리는 필살기 한방을 날린다,4
지금 여기 그남자의 비열한 카니발이 시작된다 비열한 거리,4
인사동 통쾌한 그림복제 스캔들 사기활극 판단불가 없다 와 월 세상을 베끼는그림전쟁이시작된다 ,4
서로의 신분을 모르는 국정원 커플의 이중생활이펼쳐진다 직업인 감추는게 속이는게 임무 월 그들의 비밀이 밝혀진다,4
품질보증 웃음보정 그들이 온다 년형 범죄액션코미디 유감 스러운 도시 설 연휴엔 크게 웃자,4
하얀 어둠 속을 걷다  그날 이후 년의 기다림과 슬픈 살인이 시작됐다,4
명의 죽음 명의 생존자를 남긴 서바이벌 게임쇼 년월 마지막한명이살이남을 때까지 멈출수없다,4
왕은 백성을 버렸고 백성은왕을버렸다 누가역적인가,4
이곳 이 사람들 도대체무엇인가 상상을 압도하는 서스펜스가온다,4
멈출 수 있다면 그것은 분노가 아니다 용서는없다 두 남자 비극의 끝에서 만나다,4
환상을 팔고 사랑을 만드는 화려한 도시 뜨거운 남자들이 온다 청담동   그들만의 세상 비상,4
 봤지 저사람들이 증인이야 하룻밤만에 한 남자를 쓰러뜨린 무서운 여자 치료기 구세주 의사도 못 고친다는 자뻑 왕자병,4
의리와의심사이 이 놈을 믿어도 될까 형제 년 월 신분을 숨긴 두 남자의 위험한 동행이 시작된다,4
누가 거짓말 하고있지 글로벌사건 미스터리현장살인극 월충격적 사건파일이 열린다,4
영웅의 전설이 시작된다 신출귀몰 코믹액션 홍길동의 후예,4
그녀의 특별한 요리가 수상한 남녀의 달콤 예측불허 연애담 시작된다,4
열혈남아 복수를 향한 일주일 그놈의 엄마를 먼저 만났다,4
내인생을 빛내줄 천재소년을 만났다  호로비츠를 내작은피아니스트 위하여,4
도쿄폭격을 위해 뭉친 한인 최초의 비행사들 그들의 마지막 비행이 시작된다 창공으로,4
전설이 궁금한자 뚝방으로 오라 로망 뚝방찬설 프리스타일 액션,4
타짜,4
역사가 기록하지 못한 사랑이 시작된다 불 용 처럼 조선왕조 마지막 멜로 나비차정 명성황후와 호위무사의 가슴 시린 사랑을 만난다,4
여기서 끝나도 좋다 폭력성금 리얼액션 하드보일드  ,4
니가 있어 참 좋다 목숨보다 소중한 우정을 만난다 ,4
누가 유리를 모았는가 조종하는 차 는 유유입니다 두뇌유희 프로젝트 년 월 영화를 보는 순간 모든 퍼즐이 맞춰진다,4
삶도죽음도 함께한다 형제란 이름으로 하나된 그들 감동 액션 블록버스터 무적자   ,4
참 는 인생 어제까지 오늘 하루 질러버려 통쾌한 하루 쏜다 두 남자의,4
조직적 써비스로 형님처럼 모시겠습니다 짤린 형님들의 마지막 밥줄 마강호텔,4
당신은 한 시간안에 날 죽이게 될거야 사랑이 용서받는 날 뷰티풀선데이,4
할매총사의 귀환 오지게빡세진 그녀들이 돌아온다 까파로 돌아온 빡센섬,4
오뎅꼬치는 총보다 강하다 살벌하고 피튀기는 연애배틀 최강로맨스,4
며 년 베트남 당신을 찾아 그곳으로 갑니다 잊지 못할 순간이 당신을 찾아갑니다,4
참았어 세상을향한통쾌한한방 펀치레이디,4
대한민국 코미더 코미디의 국가대표가 낮다 학교보다 열라빡센 상사부일체 회사로 간다 두사부 일체,4
전신작렬 배꼽폭발 대한민국 완전스님 스트레스 권순분여사 남자사건 온국민 통쾌대작,4
딱한 놈만 살아남는다 좋은놈 나쁜놈 이상한농,4
그들의 낭만 그녀의 비밀 위험한 추적이 시작된다 사랑을 위해 시대와 맞선 모던보이,4
국 친구의 심장을 겨눈 믿을 수 없는 배신 명 이제네 목숨만 있으면 돼 모두의 가슴을 뜨겁게 할 그들이 온다,4
당할수록 떼지는 언니들이 온다 걸스카우트 없는 걸은 봐도 암만,4
생존본능 그들의 위험한 질주가 시작된다 걸 살인본능,4
지랄 같네 사람 인연 뜨거운 고백,4
마지막에 웃는 자 누구인가 최강액션대작 눈에는 눈 이에는이,4
절대 믿지마라 그들은 숨소리마저도 거짓말이다 리얼소매치기 범죄액션 무방비도시 지갑이 무방비로 노출된다,4
쎈놈만 살아 남는다 독한놈나쁜놈 강철종 기다려온 공공의 대결이 시작된다,4
대한민국을 뒤흔든 희대의살인마 놉을 잡은 건 경찰도 검찰도 아니었다 그날밤 놈을 쫓던 단한명의 초격 추격이 시작된다,4
상상초월 조선 히어로가온다 조선최초 익스트림 사극 가방난동사진,4
독립군의시대는 가고 사기꾼의 시대가 왔다 해방기 코믹 액션 원스어폰어타임,4
바다를 건너자 모두가 적이 됐다 황해,4
지금 행복하세요 플레기센터적인데 질풍노도 맞짱 유치장 불량버클 그리고 형의 우리는 이단 열차가능가 좋아다실전 사용 및 금지지리 학교를 만화처럼 만들어가기 시작했다 해운대출신석산 폼나고만 싶었던 학창시절 다시 돌아간다면 바람  공부도 영상사일 자신있다 생애 가장 찬란한 시절 좀 논다고 모두 건물이 되진 않는다,4
감성액션 했다 말았어야 감독 건드리지,4
복수의 두얼굴 광기의 대결이 시작된다 악마를보았다,4
죽음의 바이러스 감기 사상 최악의 바이러스가 대한민국을 덮친다,4
나 한번 일낸다 대박 통쾌한 추석액션,4
전국을 울렸던 마음이가 패밀리로 유쾌하게 돌아온다 마음이 패밀리로 돌아온 달이 ,4
우리 돈 찾으러 왔다 육철판강도단 세 최고령 은행강도단 모두 꼼짝마,4
지금부터 시키는대로 방송하는거야 제한된 시간 놈과의 사투가 생중계 된다 사상 최악의 생방송 심야의  전국을 뒤흔들 미친 생방송에 동참하라,4
사람잘못건드렸어 복수가 진로진 사람 디 세무시 시간은 하트 복수가시작 지독한 이보다 리얼 카리스마 액션,4
세상이 멈췄다 딱 한놈만 빼고 초능력자,4
백수 같은 누가 먼저 형사형사같은 살인자를 만날 것인가 백수 추격코미디 반가운실인자 놈은 내가 잡는다,4
대한민국 해병대 특수수색대 우리는 최고를 꿈꾸는 그들의 마지막 조명남 훈련이 김옥 작품 시작된다,4
사건발생년 그날의 이야기는끝나지 않았다 개구리소년 실종사건 실화극,4
이 집에는 뭔가 수상한 비밀이 있다 이층의악당 대체 있는거야 어디 누구 나,4
시속  멈추면 터진다 스피드 액션 블록버스터,4
이번 한번만 손잡자카이 평양성 찍고 이번엔,4
대한민국 슈퍼스타가 온다 미스터고,4
대하드라마 ,4
납치된동생 추격하라 사라진머리 놈을 생방송으로 년월 기상천외한 사건의 실체가,4
이동네 땅콩은 우리가 접수한다 넛잡 지원군  따콩도둑들,4
걸리면 끝장이다 초강력 리얼액션 더킹   액션패밀리가 온다,4
인의 도둑 개의 다이아몬드 그들이 움직이기 시작했다,4
니가이긴것같지 내가 공소시효가끝난 연쇄살인범의 충격고백 살인복,4
최고의 버라이어티 코믹 액션 어쩌다 보니범죄의 여왕 미쓰,4
놈의 살인에는 이유가 있다 늑대개 연쇄살인 하울림,4
작전은 완벽했다 그들이 끼어들기 전까진 초대형 코믹첨보액션 스파이,4
하필 이 여자에게 내 목숨이 달렸다 일 간의 목숨 건 동행 카운트다운,4
폼나게 살아야 될 거 아이가 정식 범죄와의전쟁 나쁜놈들 전성시대,4
새들의 정당 찌질한 남자들의 넘버 사수 활극,4
무서구 백동수,4
년 느끼있는 놈들이 온다 범죄사기극 시체가돌아왔다,4
회사원 ,4
공해상 사람들의 심장이 거래되고있다 한명만 죽어주면 서넛은 살리고도 남아 당신의 고모자를 심장을 노리는,4
금 보다 귀한 얼음을 훔치러 조선 최고의 꾼들이 모였다 바람 과 함께 사라지다 최고의 오락 블록버스터,4
한강에 시체들의 떠올랐다 살인기생중 연가,4
모든 것은 처음부터 잘못되었다 초대형 액션 프로젝트 베를린,4
세 남자가 가고 싶었던 서로 다른 신세계,4
간첩질 년이면 작전도 생활이 된다 생활 밀착형 리얼 첩보극 간첩,4
만지면 놈이 보인다 사이코메트리 과거를 보는 손,4
초스피드 리얼 액션 도  용의시,4
질주가 시작된다 도망자 그의 누명을 쓴,4
자신 있으면 덤벼봐 조선미녀 삼총사,4
사랑하는 아내 평범한 일상 소중한 추억 모든 것이 조작되었다 타인의 기억을 가진 님가 무명인 일조작된 기억의 진실이 밝혀진다,4
베팅할 땐 인생을 걸어라 타짜 원 아이드 잭,4
난 범죄의 결과다 나쁜 교 내 피에 흐르는 남자들의 욕망 복수보다 잔인한 나쁜 피가 찾아온다,4
눈으로 모든 것을 기억하라 놈을 쫓는 천 개의 눈 감시자들,4
뜻이 다른 세 개의 칼이 부딪친타 형녀 질의 기억,4
아버지 왜 절 키우신거에요 화 명의 범죄자 아버지 그리고 괴물을 삼킨아이,4
망할세상 백성을 구하라 민 란 의 시 대,4
붉은 가족,4
딸을 잃고 살인자가 된 아버지 온 세상이 그의 외로운 추격을 뒤쫓는다 대한민국의 심장을 베어버릴 문제작 방화하는칼날,4
장난 폭 한 듀 엣 죽도록 괴로워야 복수지 응징자 ,4
액션씬,4
격투,4
레이싱,4
격투씬,4
추격,4
스릴러물,4
액션영화,4
무술,4
코메,4
조문탁,4
볼거리,4
디도,4
스피드,4
화끈하다,4
오버액션,4
호쾌,4
빈약,4
총격,4
스피디,4
퍼포먼스,4
와이어,4
영화롭다,4
스타뎀,4
시원시원하다,4
액숀,4
격감,4
격투기,4
첩보,4
이연걸,4
볼품,4
식품,4
굴리,4
얹히다,4
험버트,4
애송이,4
걷어차다,4
생선,4
마파도,4
코같다,4
잡아가다,4
입좀,4
무녀,4
노약,4
시청료,4
치사하다,4
자원,4
중재,4
실명,4
똥구멍,4
바르게,4
건들,4
벤더스,4
색휘,4
아작,4
녘,4
리야,4
동등,4
마루타,4
초콜렛,4
무관심하다,4
미스터리,4
분류,4
무식,4
빙자,4
부패,4
감금,4
대입,4
불명,4
다양성,4
공산주의,4
음모론,4
서스펜스,4
휴머니즘,4
혼합,4
공식,4
종교영화,4
바이블,4
범죄물,4
환타지,4
불법체류자,4
표본,4
암투,4
조장,4
패러다임,4
진화,4
극화,4
다작,4
실태,4
치부,4
영화장르,4
훈훈하다,4
시원하다,4
통쾌,4
어정쩡,4
후련하다,4
상쾌,4
쫄깃,4
한가득,4
유쾌,4
쾌감,4
간간이,4
상쾌하다,4
호쾌,4
시원,4
후다닥,4
경쾌하다,4
쫄깃쫄깃,4
웃픈,4
이나고,4
화끈하다,4
찜찜하다,4
고어영화,4
훈훈,4
시원시원하다,4
설마설마,4
눈물샘,4
휴먼,4
강츄,4
잔인,4
맥빠지다,4
죽여주다,4
기막히다,4
최상,4
훌륭,4
상쾌하다,4
카메오,4
송새벽,4
쩔어요,4
짱짱하다,4
굿굿,4
로다주,4
플러스,4
맛깔나다,4
짜임,4
액션연기,4
괜춘,4
김민정,4
시원시원하다,4
연기면,4
퍼펙트,4
조보아,4
테크노,4
킹왕짱,4
구림,4
김선아,4
괞,4
유준상,4
갠차다,4
최상급,4
감초,4
헛,4
자아내다,4
간간히,4
실소,4
헛웃음,4
피식,4
비웃음,4
미소,4
억지,4
개그,4
저절로,4
입가,4
썰렁하다,4
이나고,4
터지다,4
즐거움,4
눈물샘,4
허탈하다,4
유머,4
깨알,4
욕설,4
울화통,4
짜내다,4
흐믓,4
눈물,4
곳곳,4
주룩주룩,4
간간이,4
어이없이,4
포인트,4
똘똘,4
신참,4
전향,4
대거,4
호화롭다,4
대별,4
본보기,4
무쉬,4
먹잇감,4
삼위일체,4
세분,4
너저분하다,4
신임,4
풀기,4
레오네,4
성품,4
로케,4
예리하다,4
중화권,4
반고흐,4
지휘,4
잭니콜슨,4
번뜩이다,4
재탄생,4
경도,4
싱싱하다,4
관록,4
막대,4
자재,4
불효자,4
왕년,4
전격,4
조니,4
베스타,4
임달화,4
반짝반짝,4
야마다,4
클락,4
앨빈,4
찰떡,4
오달수,4
임주환,4
크리스탈,4
뒷받침,4
스탤론,4
렌,4
데니스,4
흡사,4
재해,4
장철,4
일체,4
버틀러,4
더글러스,4
송일국,4
김상중,4
박정철,4
이승연,4
케리,4
기동,4
양자경,4
섬뜩하다,4
고요함,4
뇌리,4
오싹하다,4
움직임,4
생생하다,4
평온하다,4
건조하다,4
파고들다,4
여백,4
묵직하다,4
선명하다,4
신비롭다,4
트랙,4
기묘하다,4
공허하다,4
진하다,4
테이크,4
선율,4
맴돈다,4
자락,4
각인,4
배경음,4
오래도록,4
요동치다,4
부드럽다,4
수려,4
아찔하다,4
서늘하다,4
우수,4
명연기,4
문소리,4
이정현,4
중견,4
유지태,4
열연,4
김갑수,4
왕정,4
오래간만,4
보강,4
일품,4
대단하다,4
앙상블,4
출중하다,4
쇼크,4
연우진,4
한석규,4
이미연,4
혼신,4
남지현,4
놀람,4
김명민,4
진국,4
조승우,4
감격,4
훌륭,4
디카프리오,4
제겐,4
최우식,4
박철민,4
현란하다,4
웅장,4
장대,4
볼거리,4
다이나믹,4
수려,4
조화롭다,4
호쾌,4
앙상블,4
소품,4
방대하다,4
정교하다,4
평이하다,4
심리전,4
빼어나다,4
꼼꼼하다,4
고급스럽다,4
테크노,4
만족스럽다,4
케스팅,4
치중,4
한몫,4
특색,4
오버액션,4
경치,4
스케일,4
훌륭,4
난장판,4
움직임,4
음침하다,4
젊음,4
아낌없다,4
존경심,4
찬사,4
숭고하다,4
소유자,4
대자연,4
노고,4
성취,4
갈망,4
진실되다,4
감수성,4
야망,4
그리움,4
진솔하다,4
용기,4
예술가,4
손길,4
미덕,4
에너지,4
열망,4
누리다,4
연민,4
애환,4
업적,4
고마움,4
아낌없이,4
기쁨,4
수치심,4
복합,4
멋있다,4
훈녀,4
잘추다,4
훈남,4
문채원,4
백미,4
조인성,4
조승우,4
김민정,4
송강호,4
조재현,4
배용준,4
양자경,4
정재영,4
맛깔나다,4
상쾌하다,4
숀펜,4
사랑스럽다,4
문소리,4
원빈,4
김지수,4
황홀하다,4
김주혁,4
유지태,4
미인,4
돋보이다,4
수영,4
서영희,4
박유천,4
장쯔이,4
실마리,4
부패,4
악순환,4
굴레,4
고리,4
정해진,4
증오,4
파국,4
행각,4
권태,4
파멸,4
객관성,4
복제인간,4
닥쳐오다,4
직면,4
평등,4
정신분열,4
화해,4
무인도,4
예견,4
동기,4
쾌락,4
산자,4
발생,4
재판,4
나치,4
이동,4
순환,4
인간성,4
단절,4
다짜고짜,4
병사,4
도망치다,4
해체,4
강간,4
저지르다,4
감금,4
집안,4
툭하면,4
지은,4
성폭행,4
각목,4
도망,4
정신병원,4
검거,4
뱃속,4
판사,4
입원,4
피우다,4
바이러스,4
지하실,4
썸,4
화해,4
원수,4
따먹다,4
핵폭탄,4
며느리,4
자취,4
경찰서,4
누명,4
시원,4
한가득,4
통쾌하다,4
당기다,4
이나고,4
툭,4
후다닥,4
후련하다,4
시원시원하다,4
격투기,4
비웃음,4
비우다,4
입담,4
도감,4
긁다,4
사이다,4
픽픽,4
입가,4
폭팔,4
떨치다,4
환하다,4
쿵쿵,4
지젤,4
텅빈,4
두근,4
우물,4
맹물,4
조마조마하다,4
정신없이,4
시종,4
호쾌,4
미약,4
섬뜩하다,4
조이다,4
아찔하다,4
파도처럼,4
카타르,4
다이나믹,4
간간이,4
시퀀스,4
조마조마하다,4
기이하다,4
은커녕,4
잡아끌다,4
사다리,4
등골,4
시원시원하다,4
서늘하다,4
팽팽,4
줄어들다,4
쾌감,4
고요함,4
휩싸이다,4
칼날,4
도달,4
롤러코스터,4
크래딧,4
엔딩씬,4
오싹하다,4
유효하다,4
빨르다,4
속도,4
템포,4
느리다,4
부진하다,4
더디다,4
느릿하다,4
끊어지다,4
전개,4
전환,4
알차다,4
후딱,4
장황하다,4
확확,4
연결하다,4
흐름,4
늘어지다,4
부실하다,4
축축,4
전계,4
느릿느릿,4
진행,4
처지다,4
루즈,4
느긋하다,4
느슨하다,4
구식,4
매끄럽다,4
전개도,4
흘러가다,4
함께 있을 때 우린 아무것도 두려울 것이 없었다 친구,5
일등급깡패 조폭급선생 초특급왈가닥 못말리는인방 그들이여름을한방어접수한다  달밤  신라의  코믹액션,5
성냥놀이소녀 임은경 예측불가능주무기 기관총보유차량 사랑하는 이를 잃고 시스템에 갇혀 라이터들 파는 소녀 게임방알바생의미와동일 인물이면서 동시에 다른 인물 그녀의 행동이나 생각 감정 무엇도 규정함 수없다 주무기 피스동 보유차량 주의가까운 친구인 프로게이머 시스템에 고용돼 성남달이소나를 구하려는 주를 제거하는 일부를닿는다 성냥팔이소녀를구하고 그녀의 사랑을 얻어라 주 김한성 예측불가능 주무기전설의 고등어 보유채 게임에 미친 짜장면 배달부지안게임보다 성남발이소녀를대사 힘도 없고 능력도 없지만 그만큼겁도 없는 놈 소녀를 구하기 위해 앞뒤 가리않고 당한다 액션신비극 성냥난이소 여의재리,5
일본제국 제도시 서울 제국과의 인전쟁이 시작된다,5
통제불능의 지하철 목숨을 건 사투가 시작된다  땅속을 뒤흔드는 스피드 액션,5
죽여야한다 그래도 사랑은 시작된다 내츄럴시티 영혼과기억을사로잡으며,5
너에게 하늘을 보여줄게 원더풀데이트,5
년 세상은 그들의 룰대로 움직인다   킬러들의수다 멋진 남자들의 죽여주는 프로젝트,5
조폭 마누라     ,5
너의 상상력에   빵구름,5
지독한 경찰 악독한 범인 끝장을 낼시간이 왔다 ,5
조폭생활 년이런 학교는 처음이다 폐 무대포코미디 상 춘 두사부일체 고,5
살아있다 사랑한다 불만있냐 고,5
한국인으로태어나 조센진으로살았던 파이터로 기억될 이름 최배달 바람의 파이터 신화가 된 실화    ,5
거역할수 없는 프로젝트 가슴에 남을 혁명 중간첩 두개의 조국 두개의 신분 단 하나의 임무,5
인생은 타이밍이다  내일의 특사하루를 못참고 담을 넘었다 운수대통 최고의 웃음을 몰고오는 최강 특사군단 코믹액션 광복절특사,5
황산벌 신명나는 프전 역사코미디 아쌀하게 붙어 부러 가을 최고의 맞짱을 뜬다,5
면 시골마을 두 형사에겐 모든 것이 처음이었다 살인의추억 연쇄살인,5
리얼형사활국 와일드카드 우리는 대한민국 강력계 형사다,5
무술 단의 화려한 비열악날 액션 이소룡 엽기 염기통해코믹액 션 맞짱뜨는 세상이랑 이이를 릉 꿈을 위해서라면 뭐든지 다 주는 연변처녀 즐래실래   ,5
우린 반드시 살아서 돌아가야해 태극기 휘발리며 ,5
찬스가 왔다 절호의 순직할 쏴아 쏠테면 경  이대로 순직프로젝트 죽을 순 없다 사생결단,5
      ,5
 사치충천 위기의 도시를 구할 기쎈녀석이온다 아라한 장풍대작전 월말 예측불허 도시무협이 온다,5
년 우리들의 학원액쑌로망 말죽거리 전호사 불타는,5
설마 혹시 남한 백두장교 동해병사 북한 컴백 프로젝트 물과 동해 백두산,5
알포인트 귀신과의 전쟁  년 베트남 우린 적이 아닌 귀신과싸웠다,5
규칙도 모른다  기술도  없 다  매 너 도 더 럽 다   크하핫 반칙왕이 나가신다 꽃다지기 양아치 태권도부의 전국대회 도전기,5
지는 게임엔 배팅하지 않는다 누구나 한번쯤 꿈꾸는 통쾌한 사기   리얼사기극 범죄의재구성,5
역도산 세상을삼킨다 영웅이 온다 송해삼 세상에서가장슬픈 ,5
시간 후 예고된 죽음과의 써 대결 생각하지 마라 예상하지 마라 살고 싶다면 운명을 멈춰라,5
스물여덟 초보영웅 이순신 그를 도와 조선을 구하라 남북한 군대의 이순신 장군 만들기 프로젝트 천군    월 이순신 장군님이 오십니다,5
년월 그녀의 수상한 등교가 시작된다 생활상무 수업끝 출동이닷 청소도구   형형사 김선아의 학교잠입 프로젝트  잠복로,5
인생을 건 두남자의대결이시작된다 가슴을 울리는 주먹 한방 주먹이운다  ,5
웰컴투 동막 글    년 지금은 전쟁중 전쟁한가운데 믿지 못할연합작전이 시작된다,5
조폭보다 무섭다 다섯할매  왕년에 좀 놀았다 서울촌놈 말보다 주먹 시키는대로만히면별일은없을꺼구만 요지게 마파도 빡센섬,5
보여주지 돈이 법보다 쎄단걸 공공의적 기다려 너 잡는다 꼭 년 월말 더 세게 붙자,5
불멸의,5
세 남자가 뜨면 세상이 뒤집힌다 코믹스반란 세남자들의 검없는 가을지마,5
말해봐요 정말날죽이려고했어요 느와르 액션 달콤한인생,5
만 신화의 베스트셀러 스크린으로 부활하다 너를 닮은 영웅이 온다  신암행이사 매머드 판타지 액션 관뚜,5
년 월 대한민국 의 새로운 신화를 목격하라,5
오늘 한 아이가 죽었다 아직 살인은 남아있다 미리 쓰여진 슬픈 살인의 기록 원의원기,5
말이 통하고가슴이 뜨거워져도 우리는 싸워야만 한다 태풍 년 월 두개의 태풍이 격돌한다,5
년 발해 그들의 대결은역사가된다 서사액션 대작 무영검,5
단 한번의 대결 단 하나의 사랑 년 월 그들의 사랑은 신화가 된다 ,5
서기 이 홍콩에서 누님이 오신다 조폭마누라      년 월 누님을 맞이하라 ,5
가족의 사투가 시작된다 한강 가족 그리고 월말 실로 믿기 힘든 사건이 일어난다,5
조직이 키운 장학생 형사가 되어 돌아왔다 맛술닭 라테스,5
무림지존 최강을 원한다              거칠나를    거침없는 리얼 액션,5
홀 생의 마지막에 부르는 자유의 노래 리데이   유전무죄 무전유죄,5
우리는 대한민국 액션공무원이다 강력반 리얼형사액션극,5
우리를 기다리는 저들을 보라 어서가서 웃기자 독사부 일체 당분간 이런코미디는 없다 두사부일체이번엔 교생이다,5
한국 영화의 아름다운 도전 마당을 나은 암탉 잎싹,5
매너 있게 골라서 처리한다 세상도처에 살고있는 키의 것을,5
않았어 부딪친다 늦지 걸고 놈들 아직 전부를 맞선 질긴 세상과 우린 세상의 강적이 된다,5
세상에 믿을 놈하나없다 마약 중간 판매상미친 형사를 만났다 사생결단 나쁜 놈과 더 나쁜 놈 두 열혈악당의 생존법칙,5
슬프고도아름다운 연인의 전설 영혼들이 일 동안 머무는곳 중천 년 월 새로운 전설이 시작된다,5
자극할수록 강해지는 에로 흡혈귀 건드리면 문다앙 흥분하면 변신하는 흡혈형사,5
자란다고 간은다시 리모델링하자 이왕파는거 한번 인생 쓸땐웃고 우는게 사채다  갚을때 광태야 안다스텐 있는법 빛처럼 튀어라 돈은 쓰라고 빚이 있다면 광태야 우리 키워보지 네 간 한번 품 과거중 사채업자  하회 마개껌  사기도 길도 순진건달 친구도 사토  마함퍼인 야쿠자 바지니스  니들이 들어봤나모르겠다 더럽이니 글씨 조직내 문래동 포커페이스이  내가 권명수다 하계자  머메로 크리너  몸조심해   스페어 당신은  중요해 부족한 내게도 필요한 하나쯤 인생에,5
 아   악인들 지옥에서 만나다 리,5
그 날 이후로 내 인생은 내리막이야  빚 갚으러 왔다 인생이 만져지는 감자상포니 삶의 교향악 서른 아홉 삶의 턱주가리에 선빵을 날리다 학교 짤린 놈도 동창회 갈 수 있냐,5
딸을 유괴당한 유괴범의 진땀나는 당혹 시츄에이션 코믹서스펜스 잔혹한출근,5
쓰나미도 휩쓸지 못한 그들의 이야기가 시작된다 해운대,5
연애는 왕초보  캐발랄 로맨틱 무림 액션 코미디 균여 며 대상 무술은 킹왕짱 그녀를 만나라,5
년 만에 찾은 동생이 눈 앞에서 죽었다 반드시 끝을 본다 수 하드보일드의 세계적 거장 년 월 당신의 심장을 끓게 할 하드보일드 액션을 만난다,5
코딱지만한 동네에도장셋 김관장 대 김관장 대 김관장,5
바다를 건너는 한탕이시작됐다 두 남자의 위험한 거래 놓치면 후회할 놈들이 온다,5
모두가 즐겨라 인조 추격대와 식인 멧돼지의 한판승부 괴수 어드벤처 스릴코믹 어드벤처의 절묘한 만남,5
년의 기다림 복수는 시작되었다 년,5
웃어라 아버지니까 조직에 몸담은 가장의 꿈 우아한세계 생활이 곧 느와르가 된다,5
세상을 조종하는 악령과의 한판대결  맨데이트 신이 주신 임무 초자연적인 액션 스릴러가 온다,5
아무도믿지마 엄마가구해줄게 이들의 살인혐의 엄마의 사투,5
범인이 잡혀도 끝나지 않는 공포와 분노 심 죽음보다더참혹한 홍 그녀가 사라진사건의전말이 공개된다,5
이기는 놈이주인공이된다 당하는 영화다 최고의 액션한판을 위한 리얼 승부극,5
전대미문의 영웅 천방지출 악동 도사가 온다 전우치 히어로무비 한국형 최초의,5
피할 수 없는 놈과의 사투가 시작됐다 액션 블록버스터 광구,5
살아남기 위해서는 누구도 믿지 마라 바다 속 은밀한 거래 보이 마린,5
또 너냐 다음엔 죽는다  지발 잡히지 마라 너는 내가 잡을거여 빠른놈위에 질긴놈 거북이 달린다 흙먼지 날리는 필살기 한방을 날린다,5
지금 여기 그남자의 비열한 카니발이 시작된다 비열한 거리,5
인사동 통쾌한 그림복제 스캔들 사기활극 판단불가 없다 와 월 세상을 베끼는그림전쟁이시작된다 ,5
서로의 신분을 모르는 국정원 커플의 이중생활이펼쳐진다 직업인 감추는게 속이는게 임무 월 그들의 비밀이 밝혀진다,5
품질보증 웃음보정 그들이 온다 년형 범죄액션코미디 유감 스러운 도시 설 연휴엔 크게 웃자,5
하얀 어둠 속을 걷다  그날 이후 년의 기다림과 슬픈 살인이 시작됐다,5
명의 죽음 명의 생존자를 남긴 서바이벌 게임쇼 년월 마지막한명이살이남을 때까지 멈출수없다,5
왕은 백성을 버렸고 백성은왕을버렸다 누가역적인가,5
이곳 이 사람들 도대체무엇인가 상상을 압도하는 서스펜스가온다,5
멈출 수 있다면 그것은 분노가 아니다 용서는없다 두 남자 비극의 끝에서 만나다,5
환상을 팔고 사랑을 만드는 화려한 도시 뜨거운 남자들이 온다 청담동   그들만의 세상 비상,5
 봤지 저사람들이 증인이야 하룻밤만에 한 남자를 쓰러뜨린 무서운 여자 치료기 구세주 의사도 못 고친다는 자뻑 왕자병,5
의리와의심사이 이 놈을 믿어도 될까 형제 년 월 신분을 숨긴 두 남자의 위험한 동행이 시작된다,5
누가 거짓말 하고있지 글로벌사건 미스터리현장살인극 월충격적 사건파일이 열린다,5
영웅의 전설이 시작된다 신출귀몰 코믹액션 홍길동의 후예,5
그녀의 특별한 요리가 수상한 남녀의 달콤 예측불허 연애담 시작된다,5
열혈남아 복수를 향한 일주일 그놈의 엄마를 먼저 만났다,5
내인생을 빛내줄 천재소년을 만났다  호로비츠를 내작은피아니스트 위하여,5
도쿄폭격을 위해 뭉친 한인 최초의 비행사들 그들의 마지막 비행이 시작된다 창공으로,5
전설이 궁금한자 뚝방으로 오라 로망 뚝방찬설 프리스타일 액션,5
타짜,5
역사가 기록하지 못한 사랑이 시작된다 불 용 처럼 조선왕조 마지막 멜로 나비차정 명성황후와 호위무사의 가슴 시린 사랑을 만난다,5
여기서 끝나도 좋다 폭력성금 리얼액션 하드보일드  ,5
니가 있어 참 좋다 목숨보다 소중한 우정을 만난다 ,5
누가 유리를 모았는가 조종하는 차 는 유유입니다 두뇌유희 프로젝트 년 월 영화를 보는 순간 모든 퍼즐이 맞춰진다,5
삶도죽음도 함께한다 형제란 이름으로 하나된 그들 감동 액션 블록버스터 무적자   ,5
참 는 인생 어제까지 오늘 하루 질러버려 통쾌한 하루 쏜다 두 남자의,5
조직적 써비스로 형님처럼 모시겠습니다 짤린 형님들의 마지막 밥줄 마강호텔,5
당신은 한 시간안에 날 죽이게 될거야 사랑이 용서받는 날 뷰티풀선데이,5
할매총사의 귀환 오지게빡세진 그녀들이 돌아온다 까파로 돌아온 빡센섬,5
오뎅꼬치는 총보다 강하다 살벌하고 피튀기는 연애배틀 최강로맨스,5
며 년 베트남 당신을 찾아 그곳으로 갑니다 잊지 못할 순간이 당신을 찾아갑니다,5
참았어 세상을향한통쾌한한방 펀치레이디,5
대한민국 코미더 코미디의 국가대표가 낮다 학교보다 열라빡센 상사부일체 회사로 간다 두사부 일체,5
전신작렬 배꼽폭발 대한민국 완전스님 스트레스 권순분여사 남자사건 온국민 통쾌대작,5
딱한 놈만 살아남는다 좋은놈 나쁜놈 이상한농,5
그들의 낭만 그녀의 비밀 위험한 추적이 시작된다 사랑을 위해 시대와 맞선 모던보이,5
국 친구의 심장을 겨눈 믿을 수 없는 배신 명 이제네 목숨만 있으면 돼 모두의 가슴을 뜨겁게 할 그들이 온다,5
당할수록 떼지는 언니들이 온다 걸스카우트 없는 걸은 봐도 암만,5
생존본능 그들의 위험한 질주가 시작된다 걸 살인본능,5
지랄 같네 사람 인연 뜨거운 고백,5
마지막에 웃는 자 누구인가 최강액션대작 눈에는 눈 이에는이,5
절대 믿지마라 그들은 숨소리마저도 거짓말이다 리얼소매치기 범죄액션 무방비도시 지갑이 무방비로 노출된다,5
쎈놈만 살아 남는다 독한놈나쁜놈 강철종 기다려온 공공의 대결이 시작된다,5
대한민국을 뒤흔든 희대의살인마 놉을 잡은 건 경찰도 검찰도 아니었다 그날밤 놈을 쫓던 단한명의 초격 추격이 시작된다,5
상상초월 조선 히어로가온다 조선최초 익스트림 사극 가방난동사진,5
독립군의시대는 가고 사기꾼의 시대가 왔다 해방기 코믹 액션 원스어폰어타임,5
바다를 건너자 모두가 적이 됐다 황해,5
지금 행복하세요 플레기센터적인데 질풍노도 맞짱 유치장 불량버클 그리고 형의 우리는 이단 열차가능가 좋아다실전 사용 및 금지지리 학교를 만화처럼 만들어가기 시작했다 해운대출신석산 폼나고만 싶었던 학창시절 다시 돌아간다면 바람  공부도 영상사일 자신있다 생애 가장 찬란한 시절 좀 논다고 모두 건물이 되진 않는다,5
감성액션 했다 말았어야 감독 건드리지,5
복수의 두얼굴 광기의 대결이 시작된다 악마를보았다,5
죽음의 바이러스 감기 사상 최악의 바이러스가 대한민국을 덮친다,5
나 한번 일낸다 대박 통쾌한 추석액션,5
전국을 울렸던 마음이가 패밀리로 유쾌하게 돌아온다 마음이 패밀리로 돌아온 달이 ,5
우리 돈 찾으러 왔다 육철판강도단 세 최고령 은행강도단 모두 꼼짝마,5
지금부터 시키는대로 방송하는거야 제한된 시간 놈과의 사투가 생중계 된다 사상 최악의 생방송 심야의  전국을 뒤흔들 미친 생방송에 동참하라,5
사람잘못건드렸어 복수가 진로진 사람 디 세무시 시간은 하트 복수가시작 지독한 이보다 리얼 카리스마 액션,5
세상이 멈췄다 딱 한놈만 빼고 초능력자,5
백수 같은 누가 먼저 형사형사같은 살인자를 만날 것인가 백수 추격코미디 반가운실인자 놈은 내가 잡는다,5
대한민국 해병대 특수수색대 우리는 최고를 꿈꾸는 그들의 마지막 조명남 훈련이 김옥 작품 시작된다,5
사건발생년 그날의 이야기는끝나지 않았다 개구리소년 실종사건 실화극,5
이 집에는 뭔가 수상한 비밀이 있다 이층의악당 대체 있는거야 어디 누구 나,5
시속  멈추면 터진다 스피드 액션 블록버스터,5
이번 한번만 손잡자카이 평양성 찍고 이번엔,5
대한민국 슈퍼스타가 온다 미스터고,5
대하드라마 ,5
납치된동생 추격하라 사라진머리 놈을 생방송으로 년월 기상천외한 사건의 실체가,5
이동네 땅콩은 우리가 접수한다 넛잡 지원군  따콩도둑들,5
걸리면 끝장이다 초강력 리얼액션 더킹   액션패밀리가 온다,5
인의 도둑 개의 다이아몬드 그들이 움직이기 시작했다,5
니가이긴것같지 내가 공소시효가끝난 연쇄살인범의 충격고백 살인복,5
최고의 버라이어티 코믹 액션 어쩌다 보니범죄의 여왕 미쓰,5
놈의 살인에는 이유가 있다 늑대개 연쇄살인 하울림,5
작전은 완벽했다 그들이 끼어들기 전까진 초대형 코믹첨보액션 스파이,5
하필 이 여자에게 내 목숨이 달렸다 일 간의 목숨 건 동행 카운트다운,5
폼나게 살아야 될 거 아이가 정식 범죄와의전쟁 나쁜놈들 전성시대,5
새들의 정당 찌질한 남자들의 넘버 사수 활극,5
무서구 백동수,5
년 느끼있는 놈들이 온다 범죄사기극 시체가돌아왔다,5
회사원 ,5
공해상 사람들의 심장이 거래되고있다 한명만 죽어주면 서넛은 살리고도 남아 당신의 고모자를 심장을 노리는,5
금 보다 귀한 얼음을 훔치러 조선 최고의 꾼들이 모였다 바람 과 함께 사라지다 최고의 오락 블록버스터,5
한강에 시체들의 떠올랐다 살인기생중 연가,5
모든 것은 처음부터 잘못되었다 초대형 액션 프로젝트 베를린,5
세 남자가 가고 싶었던 서로 다른 신세계,5
간첩질 년이면 작전도 생활이 된다 생활 밀착형 리얼 첩보극 간첩,5
만지면 놈이 보인다 사이코메트리 과거를 보는 손,5
초스피드 리얼 액션 도  용의시,5
질주가 시작된다 도망자 그의 누명을 쓴,5
자신 있으면 덤벼봐 조선미녀 삼총사,5
사랑하는 아내 평범한 일상 소중한 추억 모든 것이 조작되었다 타인의 기억을 가진 님가 무명인 일조작된 기억의 진실이 밝혀진다,5
베팅할 땐 인생을 걸어라 타짜 원 아이드 잭,5
난 범죄의 결과다 나쁜 교 내 피에 흐르는 남자들의 욕망 복수보다 잔인한 나쁜 피가 찾아온다,5
눈으로 모든 것을 기억하라 놈을 쫓는 천 개의 눈 감시자들,5
뜻이 다른 세 개의 칼이 부딪친타 형녀 질의 기억,5
아버지 왜 절 키우신거에요 화 명의 범죄자 아버지 그리고 괴물을 삼킨아이,5
망할세상 백성을 구하라 민 란 의 시 대,5
붉은 가족,5
딸을 잃고 살인자가 된 아버지 온 세상이 그의 외로운 추격을 뒤쫓는다 대한민국의 심장을 베어버릴 문제작 방화하는칼날,5
장난 폭 한 듀 엣 죽도록 괴로워야 복수지 응징자 ,5
코메디,5
블랙코미디,5
코믹,5
로맨틱코미디,5
로맨틱,5
로멘틱,5
개그,5
멜로,5
액션영화,5
미스터리,5
로멘,5
스릴러,5
코메,5
호러,5
디도,5
오컬트,5
공포물,5
범죄영화,5
하이,5
로맨스,5
로코,5
첩보물,5
정통,5
범죄물,5
느와르,5
슬랩,5
장르,5
정석,5
슬래셔,5
아담샌들러,5
헛,5
자아내다,5
간간히,5
실소,5
헛웃음,5
피식,5
비웃음,5
미소,5
억지,5
개그,5
저절로,5
입가,5
썰렁하다,5
이나고,5
터지다,5
즐거움,5
눈물샘,5
허탈하다,5
유머,5
깨알,5
욕설,5
울화통,5
짜내다,5
흐믓,5
눈물,5
곳곳,5
주룩주룩,5
간간이,5
어이없이,5
포인트,5
경쾌하다,5
흥겹다,5
상쾌하다,5
엉뚱하다,5
상큼,5
발랄하다,5
신나다,5
산뜻하다,5
아기자기하다,5
훈훈하다,5
유머러스하다,5
가볍다,5
밝다,5
친근하다,5
무겁다,5
발랄,5
싱그럽다,5
나른하다,5
은은하다,5
즐겁다,5
연말,5
발칙하다,5
기발하다,5
로맨틱코미디,5
흐믓,5
듬뿍,5
때론,5
인간미,5
되살리다,5
진솔하다,5
재기,5
발랄,5
산뜻하다,5
상큼,5
경쾌하다,5
아기자기하다,5
발칙하다,5
깜찍하다,5
익살스럽다,5
친근하다,5
청순하다,5
엉뚱하다,5
아기자기,5
르네젤위거,5
흥겹다,5
유쾌하다,5
슬랩,5
싱그럽다,5
흐믓,5
유의,5
상쾌하다,5
음침하다,5
악동,5
수수하다,5
상쾌,5
마스크,5
나른하다,5
고풍,5
엘르,5
성장기,5
재미있다,5
재다,5
잼남,5
재밋음,5
재밋,5
재밋다,5
재밋엇음,5
ㅇㅅㅇ,5
테드,5
재미나,5
잼슴,5
재밋는,5
옜날,5
젬,5
꿀잼,5
였음,5
요런,5
안질리다,5
꿀잼임,5
조음,5
최곤데,5
세얼간이,5
엥,5
가물,5
요전,5
욯,5
시티헌터,5
봣음,5
재밋구,5
일편,5
편안하다,5
보더,5
나볼,5
딱좋다,5
으로라도,5
호주,5
즐겁다,5
부담,5
장담,5
맛보다,5
숙면,5
심심하다,5
본분,5
강추,5
럭,5
마다가스카,5
추리소설,5
꿀잠,5
어르다,5
팝콘,5
활력소,5
시원시원하다,5
신나다,5
적합하다,5
연휴,5
만족하다,5
망설이다,5
유익하다,5
으로써는,5
꽤볼,5
훈훈하다,5
시원하다,5
통쾌,5
어정쩡,5
후련하다,5
상쾌,5
쫄깃,5
한가득,5
유쾌,5
쾌감,5
간간이,5
상쾌하다,5
호쾌,5
시원,5
후다닥,5
경쾌하다,5
쫄깃쫄깃,5
웃픈,5
이나고,5
화끈하다,5
찜찜하다,5
고어영화,5
훈훈,5
시원시원하다,5
설마설마,5
눈물샘,5
휴먼,5
강츄,5
잔인,5
맥빠지다,5
진짜,5
증말,5
막심,5
레알,5
정말,5
ㅈㄴ,5
ㅜㅜㅜㅜ,5
무스,5
왜봄,5
죤나,5
ㅠㅠㅠㅠㅠㅠ,5
진짜진짜,5
어우,5
베댓,5
진자,5
존잼,5
핵잼,5
ㄹㅇ,5
ㅋㅋㅋㅋㅋㅋㅋㅋㅋㅋㅋㅋㅋㅋㅋㅋㅋㅋ,5
죽겠네,5
걸왜,5
잠듬,5
님들,5
아까버,5
에여,5
ㅜㅡ,5
으아,5
ㅋㅎ,5
답니,5
까운,5
즐겁다,5
유쾌하다,5
흥겹다,5
요괴,5
엉뚱하다,5
연휴,5
깔깔,5
다람쥐,5
훈훈하다,5
상쾌하다,5
강츄,5
곤충,5
경쾌하다,5
연말,5
한가득,5
나들이,5
대게,5
봣습니,5
흐뭇하다,5
아기자기,5
쫄깃쫄깃,5
알콩달콩,5
니당다,5
프렌즈,5
편안하다,5
여유롭다,5
산뜻하다,5
펭귄,5
밝다,5
이간,5
귀가,5
신나다,5
편안하다,5
연말,5
흥겹다,5
호강,5
훈훈하다,5
숙면,5
흐뭇하다,5
겨울,5
니당다,5
행복하다,5
상쾌하다,5
유쾌하다,5
유익하다,5
딱좋다,5
나들이,5
따뜻하다,5
꿀잠,5
입가,5
즐기다,5
날씨,5
엉뚱하다,5
휴일,5
황홀하다,5
흠뻑,5
봣습니,5
여유롭다,5
잘해주다,5
무덥다,5
깔깔,5
소리내다,5
피식,5
배꼽,5
실컷,5
웃기다,5
터뜨리다,5
웃기,5
골다,5
흠칫,5
웃,5
폭소,5
울다,5
가선,5
입가,5
글썽,5
에보니,5
화장실,5
낄낄,5
강츄,5
두근두근,5
코끝,5
파서,5
그랬는데,5
잡고,5
ㅠㅡㅠ,5
웃음소리,5
디지다,5
터지다,5
대소,5
로맨틱코미디,5
로멘틱,5
코메디,5
코미디,5
섹시,5
로코,5
정석,5
로맨스,5
블랙코미디,5
블랙,5
멜로,5
가족영화,5
최루성,5
코믹,5
디도,5
틴,5
하이,5
코,5
로멘,5
로드무비,5
달달,5
오컬트,5
메다,5
정통,5
엽기,5
로맨스코미디,5
프렌즈,5
요런,5
아담샌들러,5
휴먼,5
정감,5
이해,5
동감,5
형성,5
이해도,5
납득,5
호감,5
적응,5
이이해,5
애착,5
감정이입,5
이해해,5
이입,5
성숙,5
도움,5
짐작,5
점차,5
막막하다,5
는바,5
애정,5
다가가다,5
치유,5
매치,5
노소,5
내포,5
조그만,5
부각,5
청소년기,5
주변인,5
선도,5
웃기,5
개그,5
웃곀,5
웃다,5
넼,5
폭소,5
깜놀,5
빵터지다,5
잼슴,5
엌,5
코미디,5
곸,5
갑툭튀,5
배꼽,5
썰렁하다,5
앜,5
재밋엇음,5
재밋음,5
코믹,5
잔인,5
재밌다,5
디지다,5
코미,5
ㅋㅋㅋㅋ,5
농담,5
ㅋㅋㅋㅋㅋㅋㅋㅋㅋㅋㅋㅋㅋㅋ,5
욬,5
아놬,5
잼남,5
ㅋㅋㅋㅋㅋㅋㅋㅋㅋㅋㅋㅋㅋㅋㅋㅋㅋㅋㅋ,5
폭소,5
ㅋㅋㅋㅋㅋㅋㅋㅋㅋ,5
웃곀,5
욬,5
넼,5
곸,5
앜,5
육성,5
빵,5
피식,5
갑툭튀,5
아놬,5
왘,5
옄,5
닼,5
ㅋㅋㅋㅋㅋㅋㅋㅋㅋㅋㅋㅋㅋㅋ,5
뎈,5
빵빵,5
잼슴,5
재밋음,5
뿜었음,5
골,5
드립,5
낰,5
얔,5
ㅋㅋㅋㅋㅋㅋㅋㅋㅋㅋㅋㅋㅋㅋㅋㅋㅋㅋㅋ,5
골다,5
뒤집어지다,5
꿀잼임,5
엌,5
친근하다,5
나른하다,5
그려지다,5
흥겹다,5
경쾌하다,5
소박하다,5
음침하다,5
맑다,5
아기자기,5
연말,5
때로는,5
아기자기하다,5
싱그럽다,5
신비롭다,5
엉뚱하다,5
산뜻하다,5
아르헨티나,5
순박하다,5
알콩달콩,5
가족사,5
진솔하다,5
측은하다,5
인간미,5
발칙하다,5
은은하다,5
때론,5
자유분방하다,5
애틋하다,5
수수하다,5
명랑하다,5
시원,5
한가득,5
통쾌하다,5
당기다,5
이나고,5
툭,5
후다닥,5
후련하다,5
시원시원하다,5
격투기,5
비웃음,5
비우다,5
입담,5
도감,5
긁다,5
사이다,5
픽픽,5
입가,5
폭팔,5
떨치다,5
환하다,5
쿵쿵,5
지젤,5
텅빈,5
두근,5
우물,5
맹물,5
조마조마하다,5
정신없이,5
시종,5
사랑스럽다,5
귀요미,5
가필드,5
요괴,5
이뿌다,5
예쁘다,5
깜찍하다,5
다람쥐,5
이쁘다,5
제레미,5
졸귀,5
펭귄,5
꺅,5
패딩턴,5
허드슨,5
이시영,5
티격태격,5
잘생기다,5
꼬마,5
상큼,5
아가,5
롭,5
니코,5
이완,5
아주아주,5
아기자기,5
니당다,5
잘맞다,5
발랄하다,5
엘리,5
